"jobTitle","company","meanPay"
"Intern - Hourly","Morgan Stanley","$11/hr"
"Intern - Hourly","PwC","$29/hr"
"Intern - Hourly","Enterprise","$12/hr"
"Intern - Hourly","Scottrade","$12/hr"
"Intern - Hourly","NBCUniversal","$11/hr"
"Intern - Hourly","Quicken Loans","$12/hr"
"Intern - Hourly","IBM","$25/hr"
"Intern - Hourly","Genentech","$23/hr"
"Intern - Hourly","Deloitte","$28/hr"
"Intern - Hourly","Boeing","$25/hr"
"Intern - Hourly","GE","$22/hr"
"Intern - Hourly","EY","$29/hr"
"Intern - Hourly","UBS","$11/hr"
"Intern - Hourly","Broadcom","$33/hr"
"Intern - Hourly","Edelman","$13/hr"
"Intern - Hourly","Lockheed Martin","$22/hr"
"Intern - Hourly","State Street","$17/hr"
"Intern - Hourly","Tesla","$28/hr"
"Intern - Hourly","Siemens","$22/hr"
"Intern - Hourly","Fidelity Investments","$21/hr"
"Intern - Hourly","Target","$19/hr"
"Intern - Hourly","Apple","$39/hr"
"Intern - Hourly","Southwest Airlines","$13/hr"
"Intern - Hourly","Viacom","$11/hr"
"Intern - Hourly","Walt Disney Company","$17/hr"
"Intern - Hourly","Merrill Lynch","$14/hr"
"Intern - Monthly","EY","$4,903/mo"
"Intern - Hourly","Northrop Grumman","$23/hr"
"Intern - Hourly","Booz Allen Hamilton","$23/hr"
"Intern - Hourly","FleishmanHillard","$13/hr"
"Intern - Hourly","Wells Fargo","$18/hr"
"Intern - Hourly","Sherwin-Williams","$13/hr"
"Intern - Hourly","State Farm","$17/hr"
"Intern - Hourly","J.P. Morgan","$26/hr"
"Intern - Hourly","Liberty Mutual Insurance","$20/hr"
"Intern - Hourly","CBRE","$12/hr"
"Intern - Monthly","Facebook","$7,155/mo"
"Intern - Hourly","Cisco Systems","$26/hr"
"Intern - Hourly","KPMG","$26/hr"
"Intern - Hourly","Qualcomm","$36/hr"
"Intern - Hourly","GE Aviation","$23/hr"
"Intern - Monthly","Microsoft","$7,545/mo"
"Intern - Hourly","Verizon","$22/hr"
"Intern","Intel Corporation","$70,571/yr"
"Intern - Hourly","Intel Corporation","$29/hr"
"Intern - Monthly","Amazon","$6,592/mo"
"Intern - Hourly","Kaiser Permanente","$21/hr"
"Intern - Hourly","Weber Shandwick","$13/hr"
"Intern - Hourly","Johnson & Johnson","$23/hr"
"Intern - Hourly","SAP","$25/hr"
"Intern - Hourly","Thomson Reuters","$22/hr"
"Intern - Hourly","Bloomberg L.P.","$25/hr"
"Intern - Hourly","PNC Financial Services Group","$22/hr"
"Intern - Hourly","PepsiCo","$24/hr"
"Intern - Hourly","Nordstrom","$12/hr"
"Intern - Hourly","BNY Mellon","$19/hr"
"Intern - Hourly","Pfizer","$19/hr"
"Intern - Hourly","CVS Health","$16/hr"
"Intern - Hourly","AT&T","$20/hr"
"Intern - Hourly","Caterpillar","$22/hr"
"Intern - Hourly","Ford Motor Company","$23/hr"
"Intern - Hourly","Macy's","$16/hr"
"Intern - Hourly","Accenture","$26/hr"
"Intern - Hourly","APCO Worldwide","$12/hr"
"Intern - Monthly","ExxonMobil","$7,271/mo"
"Intern - Hourly","NASA Jet Propulsion Laboratory","$18/hr"
"Intern - Hourly","L'Oréal","$21/hr"
"Intern - Hourly","EMC","$23/hr"
"Intern - Hourly","Gensler","$16/hr"
"Intern - Hourly","GE Transportation","$24/hr"
"Intern - Hourly","Turner Construction","$17/hr"
"Intern - Hourly","FCA Fiat Chrysler Automobiles","$21/hr"
"Intern - Hourly","Whiting-Turner","$17/hr"
"Intern - Hourly","Ogilvy","$13/hr"
"Intern - Hourly","Bank of America","$24/hr"
"Intern - Monthly","Google","$7,400/mo"
"Intern - Hourly","Walmart","$15/hr"
"Intern - Hourly","CME Group","$16/hr"
"Intern - Hourly","JLL","$15/hr"
"Intern - Hourly","Prudential","$21/hr"
"Intern - Monthly","Schlumberger","$5,478/mo"
"Intern - Hourly","CNN","$9/hr"
"Intern - Hourly","Hewlett-Packard","$23/hr"
"Intern - Hourly","ADP","$16/hr"
"Intern - Hourly","NetApp","$30/hr"
"Intern - Hourly","Mastercard","$26/hr"
"Intern - Hourly","AstraZeneca","$20/hr"
"Intern","KPMG","$59,270/yr"
"Intern - Monthly","Cummins","$3,397/mo"
"Intern - Hourly","Ericsson-Worldwide","$28/hr"
"Intern - Hourly","T. Rowe Price","$17/hr"
"Intern - Hourly","Express Scripts","$19/hr"
"Intern - Hourly","Covidien","$18/hr"
"Intern - Hourly","Travelers","$19/hr"
"Intern - Hourly","HBO","$16/hr"
"Intern - Hourly","Pacific Gas and Electric","$24/hr"
"Intern - Hourly","UPS","$19/hr"
"Intern - Hourly","Walgreens","$18/hr"
"Intern - Hourly","Google","$35/hr"
"Intern - Hourly","NVIDIA","$38/hr"
"Intern - Monthly","General Motors (GM)","$4,433/mo"
"Intern - Hourly","New York Life","$19/hr"
"Intern - Hourly","BlackRock","$36/hr"
"Intern - Hourly","Stryker","$19/hr"
"Intern - Hourly","Citi","$22/hr"
"Intern - Hourly","Boston Scientific","$23/hr"
"Intern - Hourly","Turner Broadcasting","$9/hr"
"Intern - Hourly","Abbott Laboratories","$21/hr"
"Intern - Hourly","Colgate-Palmolive","$21/hr"
"Intern - Hourly","Merck","$27/hr"
"Intern - Hourly","Ameriprise","$11/hr"
"Intern - Hourly","AIG","$25/hr"
"Intern - Hourly","NASA","$16/hr"
"Intern - Monthly","Procter & Gamble","$4,665/mo"
"Intern - Hourly","Johns Hopkins University Applied Physics Laboratory","$27/hr"
"Intern - Hourly","Reynolds and Reynolds","$10/hr"
"Intern - Hourly","RSM","$27/hr"
"Intern - Hourly","Brown Brothers Harriman","$17/hr"
"Intern - Hourly","Bosch","$24/hr"
"Intern - Hourly","National Grid USA","$20/hr"
"Intern - Hourly","VMware","$41/hr"
"Intern - Hourly","Yahoo","$41/hr"
"Intern - Hourly","Discovery, Inc.","$11/hr"
"Intern - Hourly","AOL","$17/hr"
"Intern - Hourly","Takeda Pharmaceuticals","$21/hr"
"Intern - Hourly","FTI Consulting","$28/hr"
"Intern - Hourly","Regeneron Pharmaceuticals","$19/hr"
"Intern - Hourly","Raytheon","$24/hr"
"Intern - Hourly","Grant Thornton","$27/hr"
"Intern - Hourly","MetLife","$20/hr"
"Intern - Hourly","Paramount Pictures","$11/hr"
"Intern - Hourly","Edward Jones","$16/hr"
"Intern - Hourly","The Coca-Cola Company","$20/hr"
"Intern - Hourly","AECOM","$18/hr"
"Intern - Hourly","Kohl's","$16/hr"
"Intern - Hourly","Northwestern Mutual","$13/hr"
"Intern - Hourly","Duke Energy","$23/hr"
"Intern - Hourly","Sandia National Laboratories","$24/hr"
"Intern - Hourly","SpaceX","$28/hr"
"Intern - Hourly","Gallagher","$16/hr"
"Intern - Hourly","Heritage Foundation","$8/hr"
"Intern - Hourly","Kellogg Company","$19/hr"
"Intern - Hourly","Protiviti","$25/hr"
"Intern - Hourly","Altria","$21/hr"
"Intern - Hourly","ExxonMobil","$42/hr"
"Intern - Hourly","Russell Investments","$19/hr"
"Intern - Hourly","MITRE","$22/hr"
"Intern - Hourly","Comcast","$20/hr"
"Intern - Hourly","NPR","$12/hr"
"Intern - Hourly","National Instruments","$20/hr"
"Intern - Monthly","SpaceX","$4,880/mo"
"Intern - Hourly","Mercer","$26/hr"
"Intern - Hourly","Jacobs","$19/hr"
"Intern - Monthly","Norfolk Southern","$3,389/mo"
"Intern - Monthly","Chevron","$5,904/mo"
"Intern - Hourly","Visa Inc.","$27/hr"
"Intern - Hourly","Microsoft","$31/hr"
"Intern - Hourly","Kiewit Corporation","$17/hr"
"Intern - Hourly","LinkedIn","$43/hr"
"Intern - Hourly","Valero Energy","$34/hr"
"Intern - Hourly","Nationwide","$18/hr"
"Intern - Hourly","Warner Bros.","$15/hr"
"Intern - Hourly","Goldman Sachs","$22/hr"
"Intern - Hourly","The Hartford","$21/hr"
"Intern - Hourly","Johnson Controls","$20/hr"
"Intern - Hourly","Raymond James Financial","$13/hr"
"Intern","CBRE","$29,268/yr"
"Intern - Hourly","Sony Pictures Entertainment","$11/hr"
"Intern - Hourly","Medtronic","$24/hr"
"Intern - Hourly","S&P Global Ratings","$17/hr"
"Intern - Hourly","Nielsen","$19/hr"
"Intern - Hourly","Symantec","$26/hr"
"Intern - Hourly","McDonald's","$20/hr"
"Intern - Hourly","Salesforce","$25/hr"
"Intern - Hourly","Crowe","$26/hr"
"Intern - Hourly","NIKE","$21/hr"
"Intern - Hourly","C.H. Robinson","$13/hr"
"Intern - Hourly","Life Technologies","$22/hr"
"Intern - Hourly","Time Inc.","$12/hr"
"Intern - Hourly","Digitas","$12/hr"
"Intern - Hourly","Honeywell","$21/hr"
"Intern - Hourly","Exelon","$21/hr"
"Intern - Hourly","T-Mobile","$22/hr"
"Intern - Hourly","Seagate Technology","$25/hr"
"Intern - Hourly","COUNTRY Financial","$17/hr"
"Intern - Hourly","Thermo Fisher Scientific","$20/hr"
"Intern - Hourly","Adobe","$32/hr"
"Intern - Monthly","Intel Corporation","$5,910/mo"
"Intern - Hourly","Procter & Gamble","$27/hr"
"Intern - Hourly","L Brands","$18/hr"
"Intern - Hourly","Sikorsky","$26/hr"
"Intern - Hourly","Georgia-Pacific","$19/hr"
"Intern - Hourly","Andersen","$27/hr"
"Intern - Hourly","GEICO","$16/hr"
"Intern - Hourly","Metropolitan Transportation Authority","$16/hr"
"Intern - Hourly","Gulfstream","$18/hr"
"Intern - Hourly","DTE Energy","$19/hr"
"Intern - Hourly","GE Healthcare","$24/hr"
"Intern - Hourly","Unilever","$21/hr"
"Intern - Hourly","Aramark","$13/hr"
"Intern - Hourly","BASF","$20/hr"
"Intern - Hourly","GE Capital","$21/hr"
"Intern - Hourly","UTC Aerospace Systems","$26/hr"
"Intern - Hourly","Roche","$20/hr"
"Intern - Hourly","TransUnion","$17/hr"
"Intern - Hourly","3M","$22/hr"
"Intern - Hourly","Golin","$13/hr"
"Intern - Hourly","Rockwell Automation","$20/hr"
"Intern - Hourly","TJX Companies","$16/hr"
"Intern - Hourly","CBS","$12/hr"
"Intern - Hourly","L3 Technologies","$21/hr"
"Intern","Morgan Stanley","$27,312/yr"
"Intern - Hourly","Lam Research","$24/hr"
"Intern - Hourly","Allstate","$18/hr"
"Intern - Hourly","TD Ameritrade","$15/hr"
"Intern - Hourly","Aon","$17/hr"
"Intern - Hourly","IHS Markit","$20/hr"
"Intern - Hourly","Cerner","$19/hr"
"Intern - Hourly","2U","$16/hr"
"Intern - Hourly","Baxter","$20/hr"
"Intern - Hourly","UnitedHealth Group","$19/hr"
"Intern - Hourly","United Technologies","$23/hr"
"Intern - Hourly","Principal Financial Group","$16/hr"
"Intern - Hourly","Conagra Brands","$20/hr"
"Intern - Hourly","Razorfish","$17/hr"
"Intern - Hourly","Biogen","$20/hr"
"Intern - Hourly","RBC","$13/hr"
"Intern - Monthly","Merck","$4,095/mo"
"Intern - Hourly","CenturyLink","$19/hr"
"Intern - Hourly","Cushman & Wakefield","$13/hr"
"Intern - Hourly","Oracle","$24/hr"
"Intern - Hourly","Autodesk","$32/hr"
"Intern - Hourly","Bayer","$23/hr"
"Intern - Hourly","Baker Hughes","$24/hr"
"Intern - Hourly","Brasfield & Gorrie","$16/hr"
"Intern - Hourly","Discover","$17/hr"
"Intern - Hourly","PVH Corp.","$17/hr"
"Intern - Hourly","Westinghouse","$18/hr"
"Intern - Hourly","DuPont","$25/hr"
"Intern - Hourly","Robert Bosch","$20/hr"
"Intern - Hourly","First Data","$17/hr"
"Intern - Hourly","Dell Technologies","$24/hr"
"Intern - Hourly","Micron Technology","$30/hr"
"Intern - Hourly","Kroger","$16/hr"
"Intern - Hourly","Akamai","$35/hr"
"Intern - Monthly","Center for Strategic and International Studies","$1,557/mo"
"Intern - Hourly","Zurich North America","$18/hr"
"Intern - Hourly","Parker Hannifin","$21/hr"
"Intern - Hourly","Freddie Mac","$20/hr"
"Intern - Hourly","BAE Systems USA","$19/hr"
"Intern - Monthly","ConocoPhillips","$5,987/mo"
"Intern - Hourly","BDO USA","$25/hr"
"Intern - Hourly","TIAA","$20/hr"
"Intern - Hourly","United Airlines","$20/hr"
"Intern - Hourly","MSLGROUP","$16/hr"
"Intern - Hourly","Emerson","$18/hr"
"Intern","Boeing","$60,378/yr"
"Intern - Hourly","ESPN","$11/hr"
"Intern - Hourly","Enel X","$19/hr"
"Intern - Hourly","Teradata","$24/hr"
"Intern - Hourly","Ralph Lauren","$11/hr"
"Intern - Hourly","Kraft Heinz Company","$18/hr"
"Intern - Hourly","Halliburton","$21/hr"
"Intern - Hourly","Burson-Marsteller","$13/hr"
"Intern - Hourly","JetBlue","$16/hr"
"Intern - Hourly","Eastman","$24/hr"
"Intern - Hourly","TripAdvisor","$22/hr"
"Intern - Monthly","United Airlines","$3,269/mo"
"Intern - Hourly","SAIC","$19/hr"
"Intern - Hourly","The Walsh Group","$18/hr"
"Intern - Hourly","Morningstar","$15/hr"
"Intern - Hourly","NextEra Energy, Inc.","$20/hr"
"Intern - Hourly","Schneider Electric","$19/hr"
"Intern - Hourly","ING","$19/hr"
"Intern - Monthly","IBM","$6,235/mo"
"Intern - Hourly","Marathon Petroleum","$23/hr"
"Intern - Hourly","Royal Caribbean Cruises","$13/hr"
"Intern - Hourly","Plante Moran","$25/hr"
"Intern - Hourly","USAA","$22/hr"
"Intern - Hourly","Zerve","$12/hr"
"Intern - Hourly","Ally Financial","$19/hr"
"Intern - Hourly","CH2M","$23/hr"
"Intern - Hourly","Novogradac & Company","$22/hr"
"Intern - Hourly","Kroll","$17/hr"
"Intern","Terracon","$31,845/yr"
"Intern - Hourly","Vertex Pharmaceuticals","$21/hr"
"Intern - Hourly","Sanofi","$20/hr"
"Intern - Monthly","NASA Jet Propulsion Laboratory","$2,559/mo"
"Intern - Hourly","Blue Cross Blue Shield of Michigan","$17/hr"
"Intern","United Rentals","$42,401/yr"
"Intern - Hourly","BMW Manufacturing","$18/hr"
"Intern - Hourly","Rolls-Royce","$19/hr"
"Intern - Hourly","Toyota North America","$21/hr"
"Intern - Hourly","Motorola Solutions","$21/hr"
"Intern - Hourly","Southern California Edison","$22/hr"
"Intern - Hourly","TVA","$22/hr"
"Intern - Hourly","The Aerospace Corporation","$25/hr"
"Intern - Hourly","Baker Tilly Virchow Krause","$23/hr"
"Intern - Hourly","Texas Instruments","$24/hr"
"Intern - Hourly","Northern Trust","$18/hr"
"Intern - Hourly","Perkins & Will","$17/hr"
"Intern - Hourly","Avnet","$15/hr"
"Intern - Hourly","Fannie Mae","$18/hr"
"Intern - Hourly","Navigant","$25/hr"
"Intern - Hourly","Expeditors","$14/hr"
"Intern - Hourly","Time Warner Cable","$19/hr"
"Intern - Hourly","CLA (CliftonLarsonAllen)","$22/hr"
"Intern - Hourly","Clark Construction Group","$20/hr"
"Intern - Hourly","Starcom Worldwide","$11/hr"
"Intern - Hourly","Port Authority of New York and New Jersey","$20/hr"
"Intern - Hourly","Charles Schwab","$23/hr"
"Intern - Hourly","Kimley-Horn","$19/hr"
"Intern - Monthly","John Deere","$3,978/mo"
"Intern - Hourly","Skanska USA","$18/hr"
"Intern - Hourly","Mylan Inc","$20/hr"
"Intern - Hourly","Lawrence Livermore National Laboratory","$24/hr"
"Intern - Monthly","Walmart","$3,660/mo"
"Intern - Monthly","AGC Partners","$1,867/mo"
"Intern - Monthly","Shell","$5,459/mo"
"Intern - Hourly","AARP","$16/hr"
"Intern - Hourly","Volkswagen Group of America","$17/hr"
"Intern - Hourly","RPA","$11/hr"
"Intern - Hourly","Whirlpool Corporation","$23/hr"
"Intern - Hourly","GlaxoSmithKline","$23/hr"
"Intern - Hourly","National Renewable Energy Lab","$20/hr"
"Intern - Hourly","Marriott International","$13/hr"
"Intern - Hourly","OppenheimerFunds","$17/hr"
"Intern - Hourly","Federal Reserve Bank of Chicago","$17/hr"
"Intern - Hourly","Cigna","$19/hr"
"Intern - Hourly","Twentieth Century Fox","$13/hr"
"Intern - Hourly","Moody's","$23/hr"
"Intern - Hourly","Consumers Energy","$22/hr"
"Intern - Hourly","Hilton","$19/hr"
"Intern - Monthly","U.S. Senate","$1,127/mo"
"Intern - Hourly","Nasdaq","$23/hr"
"Intern - Hourly","State Street Global Advisors","$17/hr"
"Intern - Hourly","HDR","$17/hr"
"Intern - Hourly","Red Hat","$23/hr"
"Intern - Hourly","Mullen","$11/hr"
"Intern - Hourly","U.S. Bank","$20/hr"
"Intern - Hourly","McAfee","$23/hr"
"Intern - Monthly","Northwestern Mutual","$1,076/mo"
"Intern - Hourly","Philips","$27/hr"
"Intern - Hourly","Viasat","$25/hr"
"Intern - Hourly","Pearson","$15/hr"
"Intern","Goldman Sachs","$79,190/yr"
"Intern","Newmark Knight Frank","$21,842/yr"
"Intern - Hourly","Estée Lauder Companies","$16/hr"
"Intern - Hourly","Garmin","$24/hr"
"Intern - Hourly","Sprint","$21/hr"
"Intern - Hourly","Harris","$23/hr"
"Intern - Hourly","DreamWorks Animation","$11/hr"
"Intern - Hourly","DISH","$19/hr"
"Intern - Hourly","Gilead Sciences","$25/hr"
"Intern - Hourly","Santander","$17/hr"
"Intern - Hourly","Genworth","$20/hr"
"Intern - Hourly","Amazon","$20/hr"
"Intern - Hourly","WestRock","$17/hr"
"Intern - Hourly","Freeport-McMoRan","$26/hr"
"Intern - Hourly","HubSpot","$16/hr"
"Intern - Hourly","Shire","$23/hr"
"Intern - Hourly","Skidmore, Owings & Merrill LLP","$22/hr"
"Intern - Hourly","eBay","$43/hr"
"Intern - Hourly","Mashable","$11/hr"
"Intern - Hourly","CA Technologies","$21/hr"
"Intern - Hourly","General Dynamics Mission Systems","$23/hr"
"Intern - Hourly","MathWorks","$31/hr"
"Intern - Hourly","Rockwell Collins","$18/hr"
"Intern - Hourly","Motorola Mobility","$27/hr"
"Intern - Hourly","CDW","$12/hr"
"Intern - Hourly","W.L. Gore","$24/hr"
"Intern - Hourly","Granite Construction","$19/hr"
"Intern - Hourly","Aetna","$18/hr"
"Intern - Hourly","Marsh & McLennan Companies","$20/hr"
"Intern - Monthly","NIH","$2,204/mo"
"Intern - Hourly","Amgen","$23/hr"
"Intern - Hourly","Major League Baseball (MLB)","$13/hr"
"Intern - Hourly","Wayfair","$17/hr"
"Intern - Hourly","McCann Worldgroup","$12/hr"
"Intern","Google","$80,000/yr"
"Intern - Hourly","Applied Medical","$15/hr"
"Intern - Hourly","Arup","$22/hr"
"Intern - Hourly","ON Semiconductor","$25/hr"
"Intern - Hourly","World Wide Technology","$13/hr"
"Intern - Hourly","Textron","$19/hr"
"Intern - Hourly","Western Digital","$24/hr"
"Intern - Hourly","Air Products","$27/hr"
"Intern - Hourly","ChemPoint","$13/hr"
"Intern - Hourly","Success Academy Charter Schools","$11/hr"
"Intern - Hourly","BorgWarner","$18/hr"
"Intern - Hourly","Cardinal Health","$20/hr"
"Intern - Hourly","Langan Engineering and Environmental Services","$17/hr"
"Intern - Hourly","Steelcase","$19/hr"
"Intern - Hourly","M&T Bank","$15/hr"
"Intern - Hourly","Bristol-Myers Squibb","$25/hr"
"Intern - Hourly","Faurecia","$18/hr"
"Intern - Hourly","Baird","$15/hr"
"Intern - Hourly","Siemens Medical Solutions Health Services","$21/hr"
"Intern - Hourly","Ultimate Software","$19/hr"
"Intern - Hourly","Veterans United Home Loans","$13/hr"
"Intern - Hourly","Union Bank","$21/hr"
"Intern - Monthly","Lawrence Livermore National Laboratory","$6,285/mo"
"Intern - Hourly","Toys ""R"" Us","$19/hr"
"Intern - Hourly","Stanley Black & Decker","$16/hr"
"Intern - Hourly","OneMain Financial","$14/hr"
"Intern - Hourly","AXA Advisors","$12/hr"
"Intern - Hourly","Sears","$18/hr"
"Intern - Hourly","Arizona Public Service Company","$21/hr"
"Intern - Hourly","Tyson Foods","$14/hr"
"Intern - Hourly","GSD&M","$10/hr"
"Intern - Hourly","Creative Artists Agency","$11/hr"
"Intern - Hourly","Sesame Workshop","$11/hr"
"Intern - Hourly","Legg Mason","$18/hr"
"Intern - Hourly","Jabil","$17/hr"
"Intern - Hourly","PSB Research","$11/hr"
"Intern - Hourly","SAS Institute","$19/hr"
"Intern - Hourly","Level 3 Communications","$17/hr"
"Intern - Hourly","Marcus & Millichap","$12/hr"
"Intern - Hourly","Applied Materials","$32/hr"
"Intern - Hourly","Dow Jones","$13/hr"
"Intern - Hourly","Zimmer Biomet","$20/hr"
"Intern - Hourly","Novartis","$20/hr"
"Intern - Hourly","Federated Investors","$15/hr"
"Intern - Hourly","Under Armour","$16/hr"
"Intern - Hourly","IGT","$15/hr"
"Intern - Hourly","Staples","$17/hr"
"Intern - Hourly","Waste Management","$13/hr"
"Intern - Hourly","Silicon Valley Bank","$19/hr"
"Intern - Monthly","Hensel Phelps","$2,877/mo"
"Intern - Hourly","Dillard's","$15/hr"
"Intern - Hourly","Great American Insurance Group","$15/hr"
"Intern - Hourly","MIT Lincoln Laboratory","$25/hr"
"Intern - Hourly","Dominion Energy","$20/hr"
"Intern - Hourly","Gartner","$16/hr"
"Intern - Monthly","Delphi","$3,673/mo"
"Intern - Hourly","Union Pacific","$20/hr"
"Intern - Hourly","The Hershey Company","$19/hr"
"Intern - Hourly","Lockton Companies","$15/hr"
"Intern - Hourly","DICK'S Sporting Goods","$16/hr"
"Intern - Hourly","Cargill","$21/hr"
"Intern - Hourly","Maxim Integrated","$35/hr"
"Intern - Hourly","BD","$20/hr"
"Intern - Hourly","Interbrand","$14/hr"
"Intern - Hourly","Ingersoll Rand","$19/hr"
"Intern - Monthly","BP","$6,472/mo"
"Intern - Hourly","St. Jude Medical","$21/hr"
"Intern - Hourly","Balfour Beatty","$16/hr"
"Intern - Hourly","Cox Communications","$17/hr"
"Intern - Hourly","Freescale Semiconductor","$29/hr"
"Intern - Hourly","J.B. Hunt Transport","$14/hr"
"Intern - Hourly","Kronos Incorporated","$18/hr"
"Intern - Hourly","Scripps Networks Interactive","$17/hr"
"Intern","Citi","$55,250/yr"
"Intern - Hourly","Stantec","$20/hr"
"Intern - Hourly","Société Générale","$27/hr"
"Intern - Monthly","Alcoa","$3,720/mo"
"Intern - Hourly","Center on Budget and Policy Priorities","$11/hr"
"Intern - Hourly","Mentor Graphics","$21/hr"
"Intern - Hourly","KeyBank","$18/hr"
"Intern - Hourly","US Airways","$14/hr"
"Intern - Hourly","Arrow Electronics","$16/hr"
"Intern - Hourly","Mitsubishi Electric Research Laboratories","$39/hr"
"Intern - Hourly","The Home Depot","$20/hr"
"Intern - Hourly","ABC News","$12/hr"
"Intern - Hourly","HP Inc.","$22/hr"
"Intern - Hourly","PayPal","$39/hr"
"Intern - Hourly","McKesson","$21/hr"
"Intern - Hourly","John Hancock","$19/hr"
"Intern - Hourly","MassMutual","$16/hr"
"Intern - Hourly","Pratt & Whitney","$26/hr"
"Intern - Hourly","CIT","$22/hr"
"Intern - Hourly","Continental","$19/hr"
"Intern - Monthly","FCA Fiat Chrysler Automobiles","$3,128/mo"
"Intern - Hourly","NASA Langley Research Center","$16/hr"
"Intern - Hourly","Navistar","$22/hr"
"Intern - Hourly","Christie's","$10/hr"
"Intern - Hourly","AMD","$32/hr"
"Intern - Hourly","CohnReznick","$24/hr"
"Intern - Hourly","Federal Reserve Bank of Richmond","$18/hr"
"Intern - Hourly","Bose","$24/hr"
"Intern - Hourly","US Agricultural Research Service","$16/hr"
"Intern - Hourly","ANSYS","$25/hr"
"Intern - Hourly","IQVIA","$22/hr"
"Intern - Hourly","American Red Cross","$14/hr"
"Intern - Hourly","Volvo Trucks","$18/hr"
"Intern - Hourly","Amtrak","$20/hr"
"Intern - Hourly","Samsung Electronics America","$22/hr"
"Intern - Hourly","W.W. Norton","$9/hr"
"Intern - Hourly","FedEx","$22/hr"
"Intern - Hourly","World Resources Institute","$13/hr"
"Intern - Monthly","Dow","$4,313/mo"
"Intern - Hourly","Monsanto Company","$20/hr"
"Intern - Hourly","Synopsys","$31/hr"
"Intern - Monthly","Cato Institute","$1,001/mo"
"Intern - Hourly","Madison Square Garden","$10/hr"
"Intern - Hourly","Pioneer Hybrid International","$18/hr"
"Intern - Hourly","Anheuser-Busch","$20/hr"
"Intern - Hourly","Fiserv","$16/hr"
"Intern - Monthly","Eaton","$4,614/mo"
"Intern - Hourly","Harvey & Company LLC","$11/hr"
"Intern - Hourly","Starcom MediaVest Group","$11/hr"
"Intern - Hourly","Leidos","$22/hr"
"Intern - Hourly","AmerisourceBergen","$17/hr"
"Intern - Hourly","Perkins Eastman","$16/hr"
"Intern - Hourly","Fast Enterprises","$21/hr"
"Intern - Hourly","SunPower","$26/hr"
"Intern - Hourly","Eaton Vance","$19/hr"
"Intern - Hourly","Analog Devices","$27/hr"
"Intern - Hourly","FINRA","$20/hr"
"Intern - Hourly","Belk","$14/hr"
"Intern - Monthly","United States House of Representatives","$1,079/mo"
"Intern - Monthly","Inter-American Development Bank","$3,235/mo"
"Intern - Hourly","Lear Corporation","$20/hr"
"Intern - Hourly","BioMarin Pharmaceutical","$20/hr"
"Intern - Hourly","Navy Federal Credit Union","$13/hr"
"Intern - Hourly","FIS","$15/hr"
"Intern - Hourly","Aerotek","$13/hr"
"Intern - Hourly","Mortenson","$18/hr"
"Intern - Monthly","Westinghouse","$3,210/mo"
"Intern - Hourly","Cintas","$16/hr"
"Intern - Hourly","Farmers Insurance Group","$14/hr"
"Intern - Hourly","Center for Strategic and International Studies","$11/hr"
"Intern - Hourly","SSL","$25/hr"
"Intern - Hourly","Universal Music Group","$9/hr"
"Intern - Hourly","Xcel Energy","$19/hr"
"Intern - Hourly","Campbell Soup Company","$21/hr"
"Intern - Hourly","Moody's Analytics","$27/hr"
"Intern - Hourly","Lendlease","$19/hr"
"Intern - Hourly","Disney Parks & Resorts","$10/hr"
"Intern - Hourly","Ross Stores","$15/hr"
"Intern - Hourly","Boehringer Ingelheim","$24/hr"
"Intern - Hourly","Blue Cross Blue Shield of Illinois, Montana, New Mexico, Oklahoma & Texas | HCSC","$22/hr"
"Intern - Hourly","Williams-Sonoma","$16/hr"
"Intern - Hourly","athenahealth","$21/hr"
"Intern - Hourly","Volvo Construction Equipment","$17/hr"
"Intern - Hourly","Dow","$29/hr"
"Intern - Hourly","Plantronics","$17/hr"
"Intern - Hourly","American Eagle Outfitters","$14/hr"
"Intern - Hourly","BMW of North America","$16/hr"
"Intern - Hourly","Ketchum","$13/hr"
"Intern - Monthly","Ford Motor Company","$4,058/mo"
"Intern - Hourly","360i","$11/hr"
"Intern - Hourly","Lincoln Financial Group","$20/hr"
"Intern - Hourly","Esri","$23/hr"
"Intern - Hourly","Lubrizol","$22/hr"
"Intern - Hourly","Aon Hewitt","$18/hr"
"Intern - Hourly","Broadridge","$19/hr"
"Intern - Hourly","Bell","$22/hr"
"Intern - Hourly","Environmental Protection Agency","$16/hr"
"Intern - Hourly","The Nature's Bounty Co.","$14/hr"
"Intern - Hourly","HD Supply","$16/hr"
"Intern - Hourly","US Chamber of Commerce","$13/hr"
"Intern - Hourly","UPMC","$16/hr"
"Intern - Hourly","Celgene","$22/hr"
"Intern - Hourly","Shure","$25/hr"
"Intern - Hourly","Cymer","$24/hr"
"Intern - Hourly","Deutsche Bank","$20/hr"
"Intern - Hourly","Praxair","$21/hr"
"Intern - Monthly","Siemens","$2,001/mo"
"Intern - Hourly","Bard","$17/hr"
"Intern - Hourly","General Atomics","$22/hr"
"Intern - Hourly","Nissan North America","$19/hr"
"Intern - Hourly","Lionsgate","$13/hr"
"Intern - Hourly","Bio-Rad Laboratories","$18/hr"
"Intern - Hourly","TD","$18/hr"
"Intern - Hourly","Tory Burch","$11/hr"
"Intern - Hourly","Sam's Club","$14/hr"
"Intern - Hourly","Amrock","$12/hr"
"Intern - Hourly","Schlumberger","$23/hr"
"Intern - Monthly","Air Products","$4,542/mo"
"Intern - Hourly","Albright Stonebridge Group","$14/hr"
"Intern - Hourly","The Hanover Insurance Group","$17/hr"
"Intern - Hourly","Mercedes-Benz USA","$17/hr"
"Intern - Hourly","Population Services International","$14/hr"
"Intern - Hourly","Credit Suisse","$27/hr"
"Intern - Monthly","GE","$3,655/mo"
"Intern - Hourly","WSP","$18/hr"
"Intern - Hourly","Mars","$22/hr"
"Intern - Monthly","Center for American Progress","$671/mo"
"Intern - Hourly","Macmillan Publishers","$9/hr"
"Intern - Hourly","DHG","$24/hr"
"Intern - Hourly","Bain & Company","$15/hr"
"Intern - Hourly","Unum","$16/hr"
"Intern - Hourly","Six Flags","$11/hr"
"Intern - Hourly","NYC Department of Human Resource Administration","$11/hr"
"Intern - Hourly","Woodward","$19/hr"
"Intern - Hourly","Grainger","$22/hr"
"Intern - Hourly","Uline","$17/hr"
"Intern - Hourly","Exelon Generation","$22/hr"
"Intern - Hourly","SAP Concur","$29/hr"
"Intern - Hourly","Graco","$18/hr"
"Intern - Hourly","HNTB","$18/hr"
"Intern - Hourly","Reebok","$13/hr"
"Intern - Hourly","ArcelorMittal USA","$20/hr"
"Intern - Hourly","Battelle","$22/hr"
"Intern - Hourly","Crown Castle","$15/hr"
"Intern - Hourly","Sabre","$31/hr"
"Intern - Monthly","Whiting-Turner","$2,519/mo"
"Intern - Hourly","Southern Company","$19/hr"
"Intern - Hourly","PSEG","$22/hr"
"Intern - Hourly","Brennan Center for Justice","$13/hr"
"Intern - Hourly","BKD","$23/hr"
"Intern - Hourly","Coach","$12/hr"
"Intern - Hourly","Thales","$22/hr"
"Intern - Hourly","Corning","$23/hr"
"Intern - Hourly","Meijer","$16/hr"
"Intern - Monthly","Pratt & Whitney","$4,495/mo"
"Intern - Hourly","BBDO","$11/hr"
"Intern - Hourly","Bentley Systems","$21/hr"
"Intern - Hourly","Hewlett Packard Enterprise | HPE","$24/hr"
"Intern - Hourly","Illumina","$23/hr"
"Intern - Hourly","Zimmerman Advertising","$9/hr"
"Intern - Hourly","Twitter","$44/hr"
"Intern - Hourly","Canon U.S.A.","$18/hr"
"Intern - Hourly","Vanguard","$20/hr"
"Intern - Hourly","Hertz","$14/hr"
"Intern","Stantec","$39,136/yr"
"Intern - Hourly","NBC","$11/hr"
"Intern - Hourly","Federal Reserve Bank of Dallas","$17/hr"
"Intern","UBS","$64,251/yr"
"Intern - Hourly","Management Systems International","$13/hr"
"Intern - Hourly","The Church of Jesus Christ of Latter-day Saints","$19/hr"
"Intern - Hourly","Daimler Trucks North America","$22/hr"
"Intern - Hourly","Giant Eagle","$17/hr"
"Intern - Hourly","Columbia University","$16/hr"
"Intern - Hourly","SRP","$18/hr"
"Intern - Hourly","S&P Global Market Intelligence","$24/hr"
"Intern - Hourly","GTB","$11/hr"
"Intern - Hourly","Office Depot","$19/hr"
"Intern - Hourly","Speedway LLC","$16/hr"
"Intern - Hourly","Aspen Institute","$14/hr"
"Intern - Hourly","FireEye","$30/hr"
"Intern - Hourly","Horizon Media","$13/hr"
"Intern - Hourly","Hasbro","$14/hr"
"Intern - Hourly","Xerox","$21/hr"
"Intern - Hourly","Zebra Technologies","$20/hr"
"Intern - Hourly","TE Connectivity","$22/hr"
"Intern - Hourly","Marks Paneth","$18/hr"
"Intern - Hourly","U.S. Senate","$13/hr"
"Intern - Hourly","NFL","$14/hr"
"Intern - Hourly","Saatchi & Saatchi Group","$15/hr"
"Intern - Hourly","National Oilwell Varco","$20/hr"
"Intern - Hourly","FCB Global","$16/hr"
"Intern - Hourly","NYU (New York University)","$15/hr"
"Intern - Hourly","Systems Planning and Analysis, Inc.","$20/hr"
"Intern - Hourly","LORD Corporation","$19/hr"
"Intern - Hourly","NCR","$19/hr"
"Intern - Hourly","PMK•BNC","$11/hr"
"Intern - Hourly","GroupM","$13/hr"
"Intern","Shell","$64,609/yr"
"Intern - Hourly","SKDKnickerbocker","$13/hr"
"Intern - Hourly","University of Michigan","$14/hr"
"Intern - Hourly","Convergex Group","$17/hr"
"Intern - Hourly","Guardian Life","$16/hr"
"Intern - Hourly","TransPerfect","$13/hr"
"Intern - Hourly","Hill Holliday","$10/hr"
"Intern - Hourly","Henry Schein","$15/hr"
"Intern","Cisco Systems","$58,638/yr"
"Intern - Hourly","Undertone","$11/hr"
"Intern - Hourly","New York City Department of Health & Mental Hygiene","$16/hr"
"Intern - Hourly","Edwards Lifesciences","$22/hr"
"Intern - Hourly","URS Corporation","$18/hr"
"Intern - Hourly","DTCC","$20/hr"
"Intern - Hourly","Aflac","$18/hr"
"Intern - Hourly","General Dynamics Electric Boat","$18/hr"
"Intern - Hourly","Alliance Data","$17/hr"
"Intern - Hourly","Lands' End","$13/hr"
"Intern - Hourly","AbbVie","$21/hr"
"Intern - Hourly","University of Maryland","$11/hr"
"Intern - Hourly","Oppenheimer Holdings","$13/hr"
"Intern - Hourly","DPR Construction","$20/hr"
"Intern - Hourly","McCormick & Company","$18/hr"
"Intern - Hourly","NASA Goddard Space Flight Center","$16/hr"
"Intern - Hourly","Fisher Investments","$16/hr"
"Intern - Hourly","Protective Life","$13/hr"
"Intern - Hourly","Ryan, LLC","$21/hr"
"Intern - Hourly","Institute of International Education","$11/hr"
"Intern - Hourly","Air Liquide","$21/hr"
"Intern - Hourly","CBS Interactive","$21/hr"
"Intern - Hourly","University of Chicago","$14/hr"
"Intern - Hourly","BE Aerospace","$19/hr"
"Intern - Hourly","TTX","$19/hr"
"Intern - Hourly","Southwire","$11/hr"
"Intern - Hourly","New York City Economic Development Corporation","$17/hr"
"Intern - Hourly","Spark Foundry","$13/hr"
"Intern - Hourly","E. & J. Gallo Winery","$20/hr"
"Intern - Hourly","CBS News","$11/hr"
"Intern - Hourly","The Zappos Family","$19/hr"
"Intern","CLA (CliftonLarsonAllen)","$44,853/yr"
"Intern - Hourly","General Dynamics Information Technology","$20/hr"
"Intern - Hourly","Panasonic","$19/hr"
"Intern - Hourly","Humana","$22/hr"
"Intern - Hourly","US Department of Energy","$13/hr"
"Intern - Hourly","S&P Global","$21/hr"
"Intern - Hourly","Starwood Hotels & Resorts","$12/hr"
"Intern - Hourly","NASA Glenn Research Center","$16/hr"
"Intern - Hourly","Cook Medical Inc","$18/hr"
"Intern - Hourly","SunTrust","$20/hr"
"Intern - Hourly","Jackson National Life","$20/hr"
"Intern - Hourly","Amway","$20/hr"
"Intern - Hourly","Pershing","$14/hr"
"Intern - Hourly","Imerys","$20/hr"
"Intern - Hourly","Alcon","$21/hr"
"Intern - Hourly","Penn State University","$11/hr"
"Intern - Hourly","Duff & Phelps","$29/hr"
"Intern - Hourly","Sewell Automotive","$16/hr"
"Intern - Hourly","RAPP","$11/hr"
"Intern - Hourly","RTI International","$21/hr"
"Intern - Hourly","BuzzFeed","$14/hr"
"Intern - Hourly","GMMB","$12/hr"
"Intern - Hourly","Coyote Logistics","$14/hr"
"Intern - Hourly","InterContinental Hotels Group","$16/hr"
"Intern - Hourly","Bechtel","$24/hr"
"Intern - Hourly","Noblis","$19/hr"
"Intern - Hourly","Voya Financial","$18/hr"
"Intern - Hourly","Magna International","$17/hr"
"Intern - Monthly","Mitsubishi Electric Research Laboratories","$6,450/mo"
"Intern - Hourly","FXCM","$13/hr"
"Intern - Hourly","Samsung Research America","$45/hr"
"Intern - Hourly","American Cancer Society","$14/hr"
"Intern - Hourly","Mitchell International","$19/hr"
"Intern - Hourly","Neuberger Berman","$16/hr"
"Intern - Hourly","Fermilab","$17/hr"
"Intern - Hourly","Verisign","$28/hr"
"Intern - Hourly","XTO Energy","$20/hr"
"Intern - Hourly","John Deere","$22/hr"
"Intern - Hourly","Electric Power Research Institute (EPRI)","$19/hr"
"Intern - Hourly","Newell Rubbermaid","$19/hr"
"Intern - Hourly","Urban Outfitters","$12/hr"
"Intern - Monthly","Credera","$4,061/mo"
"Intern - Hourly","Mattel","$18/hr"
"Intern - Hourly","Siegel+Gale","$11/hr"
"Intern - Hourly","InterSystems","$22/hr"
"Intern - Hourly","SeaWorld Parks & Entertainment","$11/hr"
"Intern - Hourly","Riverbed Technology","$29/hr"
"Intern - Hourly","Intuit","$32/hr"
"Intern - Hourly","Con Edison","$22/hr"
"Intern - Hourly","The Richards Group","$11/hr"
"Intern - Hourly","CBIZ","$21/hr"
"Intern - Hourly","Leviton","$13/hr"
"Intern - Hourly","Alvarez & Marsal","$19/hr"
"Intern - Hourly","Bank Of Tokyo-Mitsubishi UFJ","$22/hr"
"Intern - Hourly","UM","$12/hr"
"Intern - Hourly","Mesirow Financial","$20/hr"
"Intern - Hourly","Alcatel-Lucent","$22/hr"
"Intern - Monthly","General Mills","$4,263/mo"
"Intern - Hourly","Delta Air Lines","$18/hr"
"Intern - Hourly","Perrigo","$19/hr"
"Intern - Hourly","Harley-Davidson, Inc.","$17/hr"
"Intern - Monthly","Phillips 66","$5,397/mo"
"Intern - Hourly","Victoria's Secret","$18/hr"
"Intern - Hourly","Young & Rubicam","$11/hr"
"Intern - Hourly","Andersen","$20/hr"
"Intern - Hourly","Textron Systems","$20/hr"
"Intern - Hourly","Sumitomo Mitsui Financial Group","$23/hr"
"Intern - Hourly","HCA Healthcare","$13/hr"
"Intern - Hourly","Consumer Technology Association","$15/hr"
"Intern - Hourly","New York Times","$23/hr"
"Intern - Hourly","Constellation","$20/hr"
"Intern - Hourly","Eli Lilly and Company","$23/hr"
"Intern - Hourly","Hallmark","$20/hr"
"Intern - Hourly","NYSE","$27/hr"
"Intern - Hourly","Harvard University","$15/hr"
"Intern - Hourly","Commvault","$20/hr"
"Intern - Hourly","Porter Novelli","$15/hr"
"Intern - Monthly","Texas Instruments","$5,920/mo"
"Intern - Hourly","Willis Towers Watson","$23/hr"
"Intern - Monthly","PepsiCo","$4,075/mo"
"Intern - Hourly","The World Bank","$24/hr"
"Intern - Hourly","Cadence Design Systems","$28/hr"
"Intern - Hourly","Koch Industries","$23/hr"
"Intern - Hourly","Epic","$33/hr"
"Intern - Hourly","Glassdoor","$21/hr"
"Intern - Hourly","Wiley","$14/hr"
"Intern - Hourly","Cohn & Wolfe","$11/hr"
"Intern - Hourly","Newport News Shipbuilding","$24/hr"
"Intern - Hourly","Zayo","$16/hr"
"Intern - Hourly","Andeavor","$22/hr"
"Intern - Hourly","NASA Ames Research Center","$16/hr"
"Intern - Hourly","U.S. Department of State","$16/hr"
"Intern - Hourly","CSX","$22/hr"
"Intern - Hourly","Slalom","$18/hr"
"Intern - Hourly","Federal Reserve Board","$20/hr"
"Intern","AT&T","$40,849/yr"
"Intern - Hourly","Facebook","$26/hr"
"Intern - Hourly","WebMD Health","$19/hr"
"Intern - Monthly","VMware","$7,941/mo"
"Intern - Hourly","WithumSmith + Brown","$21/hr"
"Intern - Hourly","Independence Blue Cross","$19/hr"
"Intern - Hourly","Wolf Trap Foundation","$8/hr"
"Intern - Hourly","First Horizon","$13/hr"
"Intern - Hourly","Samsung Austin Semiconductor","$23/hr"
"Intern - Hourly","Newell Brands","$18/hr"
"Intern - Monthly","Major League Baseball (MLB)","$1,776/mo"
"Intern - Hourly","KBR","$21/hr"
"Intern - Monthly","Mozilla","$6,158/mo"
"Intern - Hourly","Metropolitan Council of the Twin Cities","$19/hr"
"Intern","Leukemia & Lymphoma Society","$36,150/yr"
"Intern - Hourly","Los Alamos National Laboratory","$18/hr"
"Intern - Hourly","Bridgestone Americas","$16/hr"
"Intern - Hourly","Vice Media","$11/hr"
"Intern - Hourly","Quest Diagnostics","$18/hr"
"Intern - Hourly","VWR","$19/hr"
"Intern - Hourly","PBS","$13/hr"
"Intern - Hourly","Spencer Stuart","$16/hr"
"Intern - Hourly","Huntington National Bank","$18/hr"
"Intern - Hourly","ICF","$24/hr"
"Intern - Hourly","Memorial Sloan Kettering","$16/hr"
"Intern - Hourly","Triumph Group","$18/hr"
"Intern - Hourly","Texas Commission on Environmental Quality","$15/hr"
"Intern - Monthly","NASA Ames Research Center","$2,688/mo"
"Intern - Hourly","Philadelphia Insurance Companies","$14/hr"
"Intern - Hourly","Yale University","$14/hr"
"Intern - Hourly","Dow Corning","$25/hr"
"Intern - Hourly","PGA TOUR","$12/hr"
"Intern - Hourly","1-800-Flowers.com","$11/hr"
"Intern - Hourly","John Snow, Inc","$14/hr"
"Intern - Hourly","Cleveland Clinic","$14/hr"
"Intern - Hourly","Guess?","$10/hr"
"Intern - Hourly","CareFirst BlueCross BlueShield","$17/hr"
"Intern - Hourly","Williams","$36/hr"
"Intern - Hourly","CSC","$20/hr"
"Intern - Hourly","Moss Adams LLP","$24/hr"
"Intern - Hourly","Bank of the West","$18/hr"
"Intern - Hourly","Urban Science","$18/hr"
"Intern - Hourly","Intermountain Healthcare","$19/hr"
"Intern - Hourly","HSBC Holdings","$16/hr"
"Intern - Hourly","Porsche Cars North America","$16/hr"
"Intern - Hourly","Cummins","$19/hr"
"Intern - Hourly","Blackboard","$21/hr"
"Intern - Hourly","Ipreo","$17/hr"
"Intern - Hourly","Ace Hardware","$15/hr"
"Intern - Hourly","Crate and Barrel","$14/hr"
"Intern - Hourly","Forbes","$16/hr"
"Intern - Hourly","Beckman Coulter","$22/hr"
"Intern - Monthly","Goodyear","$4,297/mo"
"Intern - Hourly","Textron Aviation","$19/hr"
"Intern - Hourly","Marketing Werks","$11/hr"
"Intern - Hourly","Direct Energy","$26/hr"
"Intern - Hourly","PACCAR","$17/hr"
"Intern - Hourly","Starz Entertainment","$13/hr"
"Intern - Monthly","Eli Lilly and Company","$4,303/mo"
"Intern - Hourly","Chesapeake Energy","$30/hr"
"Intern - Hourly","Siemens Healthineers","$24/hr"
"Intern - Hourly","Thrivent","$17/hr"
"Intern - Hourly","Ayco, a Goldman Sachs Company","$13/hr"
"Intern - Hourly","General Motors (GM)","$21/hr"
"Intern - Hourly","Hyatt","$12/hr"
"Intern - Hourly","Kimberly-Clark","$21/hr"
"Intern - Hourly","Newmont Goldcorp","$24/hr"
"Intern - Hourly","SanDisk","$24/hr"
"Intern - Hourly","A+E Networks","$11/hr"
"Intern - Hourly","Houghton Mifflin Harcourt","$13/hr"
"Intern - Hourly","ServiceMaster","$16/hr"
"Intern - Hourly","Publishers Clearing House","$13/hr"
"Intern - Hourly","Land O'Lakes","$18/hr"
"Intern - Hourly","Vineyard Vines","$12/hr"
"Intern","Mosaic Sales Solutions","$38,215/yr"
"Intern - Hourly","Equifax","$21/hr"
"Intern - Hourly","Centene","$19/hr"
"Intern - Hourly","Hill+Knowlton Strategies","$17/hr"
"Intern - Hourly","Jeppesen","$19/hr"
"Intern - Hourly","Oak Ridge National Laboratory","$15/hr"
"Intern - Hourly","Design Within Reach","$11/hr"
"Intern - Hourly","Frost Bank","$13/hr"
"Intern - Hourly","Dunkin' Brands","$14/hr"
"Intern - Hourly","DC Water","$20/hr"
"Intern - Hourly","Pennsylvania Department of Transportation","$13/hr"
"Intern - Hourly","Abercrombie & Fitch","$14/hr"
"Intern - Hourly","Invesco","$16/hr"
"Intern - Hourly","United Way","$14/hr"
"Intern - Hourly","Nokia","$31/hr"
"Intern - Hourly","Gentex (Michigan)","$18/hr"
"Intern - Hourly","IgnitionOne","$11/hr"
"Intern - Monthly","American Express","$4,805/mo"
"Intern - Hourly","Crispin Porter","$9/hr"
"Intern - Hourly","PTC","$19/hr"
"Intern - Hourly","Movado Group","$13/hr"
"Intern - Hourly","Walt Disney Imagineering","$25/hr"
"Intern - Hourly","Neustar","$17/hr"
"Intern - Hourly","Samsung Electronics","$22/hr"
"Intern - Hourly","Hachette Book Group","$12/hr"
"Intern - Monthly","Goldman Sachs","$6,130/mo"
"Intern - Hourly","Levi Strauss","$22/hr"
"Intern - Hourly","Boston Children's Hospital","$15/hr"
"Intern - Hourly","Munich Re","$19/hr"
"Intern - Monthly","Albright Stonebridge Group","$2,129/mo"
"Intern - Hourly","Fitch Ratings","$27/hr"
"Intern - Hourly","City of Seattle","$17/hr"
"Intern - Hourly","Delaware North","$12/hr"
"Intern - Hourly","Insider Inc.","$13/hr"
"Intern - Hourly","University of Southern California","$13/hr"
"Intern - Hourly","Yelp","$41/hr"
"Intern - Hourly","MISO","$24/hr"
"Intern - Hourly","Nestlé Purina U.S.","$19/hr"
"Intern - Monthly","NASA","$2,273/mo"
"Intern - Hourly","Federal Reserve Bank of Boston","$20/hr"
"Intern - Hourly","K12","$19/hr"
"Intern - Hourly","Molina Healthcare","$17/hr"
"Intern - Hourly","Costco Wholesale","$13/hr"
"Intern - Hourly","Detroit Diesel","$21/hr"
"Intern - Hourly","ADM","$16/hr"
"Intern - Hourly","Geller & Company","$16/hr"
"Intern - Hourly","New York Yankees","$13/hr"
"Intern - Hourly","Auto-Owners Insurance","$14/hr"
"Intern - Hourly","WE Communications","$16/hr"
"Intern - Hourly","Aerojet Rocketdyne","$22/hr"
"Intern - Hourly","Bloom Energy","$23/hr"
"Intern - Hourly","ISN Software","$23/hr"
"Intern - Hourly","Total Quality Logistics","$11/hr"
"Intern - Hourly","Altair Engineering","$19/hr"
"Intern - Hourly","Blue Shield Of California","$26/hr"
"Intern - Hourly","Mindshare","$15/hr"
"Intern - Hourly","Black & Veatch","$24/hr"
"Intern - Hourly","MAHLE International","$18/hr"
"Intern - Hourly","GKN","$16/hr"
"Intern - Hourly","Burns & McDonnell","$22/hr"
"Intern - Hourly","Mercedes-Benz Financial Services","$18/hr"
"Intern - Hourly","JE Dunn Construction","$17/hr"
"Intern - Hourly","Lowe's","$18/hr"
"Intern - Hourly","Amec Foster Wheeler","$19/hr"
"Intern - Hourly","PulsePoint","$13/hr"
"Intern - Hourly","Hub Group","$15/hr"
"Intern - Monthly","Chevron Phillips Chemical","$5,900/mo"
"Intern - Hourly","McCarthy Building","$23/hr"
"Intern - Hourly","Scotts Miracle-Gro","$21/hr"
"Intern - Hourly","Environmental Defense Fund","$16/hr"
"Intern - Hourly","Federal-Mogul","$19/hr"
"Intern - Hourly","Southwest Gas","$20/hr"
"Intern - Hourly","Fastenal","$11/hr"
"Intern - Hourly","Tetra Tech","$20/hr"
"Intern - Hourly","QVC","$17/hr"
"Intern - Hourly","Grant Thornton International","$26/hr"
"Intern - Hourly","ABB","$23/hr"
"Intern - Hourly","Wegmans Food Markets","$16/hr"
"Intern - Hourly","Consolidated Electrical Distributors","$13/hr"
"Intern - Hourly","Wolverine Worldwide","$15/hr"
"Intern - Hourly","AK Steel Holding Corporation","$20/hr"
"Intern - Hourly","Blue Cross and Blue Shield of North Carolina","$16/hr"
"Intern - Monthly","Palo Alto Research Center","$5,860/mo"
"Intern - Hourly","WPP","$16/hr"
"Intern - Hourly","HERE Technologies","$28/hr"
"Intern - Hourly","Constant Contact","$19/hr"
"Intern - Hourly","BerlinRosen","$16/hr"
"Intern - Hourly","ABC","$14/hr"
"Intern - Hourly","SC Johnson","$26/hr"
"Intern - Hourly","Cigital","$27/hr"
"Intern - Hourly","Vornado Realty","$16/hr"
"Intern - Hourly","Michelin North America","$21/hr"
"Intern - Hourly","Cornell University","$12/hr"
"Intern - Monthly","The Coca-Cola Company","$3,197/mo"
"Intern - Hourly","Priceline.com","$21/hr"
"Intern - Hourly","Public Consulting Group","$16/hr"
"Intern - Hourly","SABIC","$15/hr"
"Intern - Hourly","Coty","$21/hr"
"Intern","Tribune Media","$34,542/yr"
"Intern - Hourly","Massey Knakal","$11/hr"
"Intern - Hourly","TheStreet","$11/hr"
"Intern - Hourly","Norton Healthcare","$16/hr"
"Intern - Hourly","HKS","$16/hr"
"Intern - Hourly","New York City Department of Transportation","$17/hr"
"Intern - Hourly","Argus Information & Advisory Services","$14/hr"
"Intern - Hourly","HFF","$16/hr"
"Intern - Hourly","DIRECTV","$22/hr"
"Intern - Monthly","IHS Markit","$3,428/mo"
"Intern - Hourly","Victaulic","$18/hr"
"Intern - Hourly","The J. M. Smucker Company","$17/hr"
"Intern - Hourly","West Monroe Partners","$28/hr"
"Intern - Hourly","Allergan","$20/hr"
"Intern - Hourly","Dimensional Fund Advisors","$25/hr"
"Intern - Hourly","Daymon Worldwide","$18/hr"
"Intern - Hourly","Powell Industries","$15/hr"
"Intern - Hourly","University of Texas at Austin","$13/hr"
"Intern - Hourly","Eide Bailly","$19/hr"
"Intern - Monthly","Citi","$3,209/mo"
"Intern - Hourly","Nestlé Waters North America","$17/hr"
"Intern - Hourly","Parsons Corporation","$20/hr"
"Intern - Hourly","USA TODAY","$13/hr"
"Intern - Hourly","Neiman Marcus","$16/hr"
"Intern - Hourly","National Life Group","$15/hr"
"Intern - Hourly","YMCA","$12/hr"
"Intern - Hourly","Chubb","$19/hr"
"Intern - Monthly","J.P. Morgan","$4,866/mo"
"Intern - Hourly","Alabama Power","$20/hr"
"Intern - Hourly","Massachusetts Department of Transportation","$16/hr"
"Intern - Hourly","Rich Products","$14/hr"
"Intern - Hourly","Frontier Communications","$12/hr"
"Intern - Hourly","Univision","$14/hr"
"Intern - Hourly","Novozymes","$18/hr"
"Intern - Hourly","Arm","$36/hr"
"Intern - Hourly","United States Olympic & Paralympic Committee","$10/hr"
"Intern - Hourly","PlayStation","$22/hr"
"Intern - Hourly","Simpson Gumpertz & Heger Inc.","$21/hr"
"Intern - Hourly","Highwire","$16/hr"
"Intern - Hourly","Janney Montgomery Scott","$13/hr"
"Intern - Hourly","Covestro","$23/hr"
"Intern","J.P. Morgan","$75,696/yr"
"Intern - Hourly","Jack Morton","$14/hr"
"Intern - Hourly","Charles Stark Draper Laboratory","$25/hr"
"Intern - Hourly","Paradyme Management","$11/hr"
"Intern - Hourly","Flex","$19/hr"
"Intern","SC Johnson","$60,416/yr"
"Intern - Hourly","AMC Networks","$13/hr"
"Intern - Hourly","International Flavors & Fragrances","$20/hr"
"Intern - Hourly","Ashland","$23/hr"
"Intern - Hourly","The Washington Post","$20/hr"
"Intern - Hourly","AXA XL","$19/hr"
"Intern - Monthly","Allstate","$3,586/mo"
"Intern - Hourly","C&S Wholesale Grocers","$16/hr"
"Intern - Hourly","Guggenheim Partners","$15/hr"
"Intern - Hourly","Mead Johnson","$19/hr"
"Intern - Monthly","PwC","$3,623/mo"
"Intern - Hourly","North Star Resource Group","$11/hr"
"Intern - Hourly","Gilbane Building Company","$17/hr"
"Intern - Hourly","Red Bull","$20/hr"
"Intern - Hourly","Brown-Forman","$16/hr"
"Intern - Hourly","Microchip Technology","$16/hr"
"Intern - Hourly","Huntington Ingalls Industries","$23/hr"
"Intern - Hourly","Aurora Flight Sciences","$19/hr"
"Intern - Hourly","Convergent Wealth Advisors","$16/hr"
"Intern - Hourly","Gagosian","$13/hr"
"Intern - Hourly","NFP","$16/hr"
"Intern - Hourly","Bates White Economic Consulting","$26/hr"
"Intern - Hourly","Course Hero","$11/hr"
"Intern","Advantage Solutions","$34,072/yr"
"Intern - Hourly","Starbucks","$24/hr"
"Intern - Hourly","Federal Reserve Bank of Cleveland","$18/hr"
"Intern","PwC","$61,805/yr"
"Intern - Hourly","iHeartMedia","$16/hr"
"Intern - Hourly","Meridian Health Plan","$15/hr"
"Intern - Hourly","Allscripts","$14/hr"
"Intern - Hourly","Barkley","$11/hr"
"Intern - Hourly","National Institute of Standards and Technology","$17/hr"
"Intern - Hourly","LPL Financial","$13/hr"
"Intern - Hourly","First National Bank of Omaha","$16/hr"
"Intern - Hourly","City of San José","$15/hr"
"Intern - Monthly","Monsanto Company","$3,403/mo"
"Intern - Hourly","Mondelēz International","$22/hr"
"Intern - Hourly","PoolCorp","$16/hr"
"Intern - Hourly","Eaton","$24/hr"
"Intern - Hourly","F5 Networks","$28/hr"
"Intern - Hourly","GLG","$11/hr"
"Intern - Monthly","Inteva Products","$3,105/mo"
"Intern - Hourly","Abt Associates","$21/hr"
"Intern - Hourly","California ISO","$21/hr"
"Intern - Hourly","Air Force Research Laboratory","$18/hr"
"Intern - Hourly","Sempra Energy","$22/hr"
"Intern - Hourly","Cameron","$20/hr"
"Intern - Hourly","Ohio Department of Transportation","$15/hr"
"Intern - Hourly","Dolby","$27/hr"
"Intern - Hourly","AECOM Tishman","$18/hr"
"Intern - Hourly","The Nature Conservancy","$15/hr"
"Intern - Hourly","GLOBALFOUNDRIES","$28/hr"
"Intern - Hourly","Selective Insurance","$17/hr"
"Intern - Hourly","iCIMS","$18/hr"
"Intern - Hourly","North Carolina Department of Transportation","$16/hr"
"Intern - Hourly","Pitney Bowes","$20/hr"
"Intern - Hourly","Public Company Accounting Oversight Board","$20/hr"
"Intern - Hourly","CEB","$16/hr"
"Intern - Hourly","NBBJ","$18/hr"
"Intern - Hourly","Myself","$12/hr"
"Intern - Hourly","MACOM","$20/hr"
"Intern - Hourly","ALSAC/St. Jude Children's Research Hospital","$10/hr"
"Intern - Hourly","M Booth & Associates","$14/hr"
"Intern - Hourly","Entergy Nuclear","$22/hr"
"Intern - Hourly","Federal Reserve Bank of San Francisco","$23/hr"
"Intern - Monthly","International Paper","$3,619/mo"
"Intern - Hourly","FOX Sports","$13/hr"
"Intern - Hourly","Fehr & Peers","$23/hr"
"Intern - Hourly","Entergy","$22/hr"
"Intern - Hourly","First American","$16/hr"
"Intern - Hourly","Mass Electric","$18/hr"
"Intern - Hourly","Wellington Management","$20/hr"
"Intern - Hourly","Fujitsu","$24/hr"
"Intern - Hourly","NBA","$16/hr"
"Intern - Hourly","iProspect","$13/hr"
"Intern - Hourly","WarnerMedia","$20/hr"
"Intern - Hourly","Chevron","$28/hr"
"Intern - Hourly","Global Brands Group","$13/hr"
"Intern - Hourly","rag & bone","$11/hr"
"Intern","Morgan Stanley","$69,997/yr"
"Intern - Hourly","US Army Corps of Engineers","$15/hr"
"Intern - Hourly","University of Pennsylvania","$16/hr"
"Intern - Hourly","Pew Research Center","$16/hr"
"Intern - Hourly","United Nations Foundation","$11/hr"
"Intern - Hourly","Gordon Food Service","$16/hr"
"Intern - Hourly","Dun & Bradstreet","$19/hr"
"Intern - Hourly","Hagerty","$11/hr"
"Intern - Hourly","HARMAN","$17/hr"
"Intern - Hourly","AXA","$14/hr"
"Intern - Hourly","ISO New England","$23/hr"
"Intern - Hourly","Varian Medical Systems","$25/hr"
"Intern - Hourly","HGST","$29/hr"
"Intern - Hourly","LexisNexis Legal & Professional","$17/hr"
"Intern - Hourly","City of New York","$13/hr"
"Intern - Hourly","Chase","$23/hr"
"Intern - Hourly","afg&","$11/hr"
"Intern - Hourly","Lincoln Center","$11/hr"
"Intern - Hourly","Schweitzer Engineering Laboratories","$20/hr"
"Intern - Hourly","Exelis","$22/hr"
"Intern - Hourly","Rutgers University","$12/hr"
"Intern - Hourly","PetSmart","$17/hr"
"Intern - Hourly","H E B","$15/hr"
"Intern - Hourly","Volvo Group","$20/hr"
"Intern - Hourly","Marwood","$13/hr"
"Intern - Hourly","State Street Global Markets","$22/hr"
"Intern - Hourly","Valassis","$13/hr"
"Intern - Hourly","Ameren","$19/hr"
"Intern - Hourly","Performance Software","$18/hr"
"Intern - Hourly","Wolfram Research","$21/hr"
"Intern - Hourly","HAVI","$17/hr"
"Intern - Hourly","San Diego Gas & Electric","$24/hr"
"Intern - Hourly","Federal Reserve Bank of St. Louis","$18/hr"
"Intern - Hourly","WME","$11/hr"
"Intern - Hourly","McKinsey & Company","$24/hr"
"Intern - Hourly","Susquehanna International Group (SIG)","$18/hr"
"Intern - Hourly","BMO Financial Group","$19/hr"
"Intern - Hourly","Federal Reserve Bank of Atlanta","$18/hr"
"Intern - Hourly","Equity Residential","$14/hr"
"Intern - Hourly","Médecins Sans Frontières","$12/hr"
"Intern - Hourly","AREVA","$22/hr"
"Intern - Hourly","Carnegie Mellon University","$14/hr"
"Intern - Hourly","Nickelodeon","$11/hr"
"Intern - Monthly","NASA Goddard Space Flight Center","$2,155/mo"
"Intern - Hourly","Doner","$12/hr"
"Intern - Hourly","Aera Energy","$38/hr"
"Intern - Hourly","RingCentral","$20/hr"
"Intern - Hourly","INL","$16/hr"
"Intern - Hourly","Amyris","$22/hr"
"Intern - Hourly","Greenberg Quinlan Rosner","$9/hr"
"Intern - Hourly","Huntsman Corp","$25/hr"
"Intern - Hourly","iRobot","$23/hr"
"Intern - Hourly","Covance","$15/hr"
"Intern - Hourly","Chicago Transit Authority","$17/hr"
"Intern - Hourly","PPD","$11/hr"
"Intern - Monthly","Pentagram Design","$2,029/mo"
"Intern - Hourly","Motley Fool","$21/hr"
"Intern - Hourly","Carahsoft","$9/hr"
"Intern - Monthly","Qualcomm","$4,716/mo"
"Intern - Hourly","Clinton Foundation","$16/hr"
"Intern - Hourly","Peabody","$22/hr"
"Intern - Hourly","Coyne Public Relations","$10/hr"
"Intern - Hourly","LivingSocial","$16/hr"
"Intern - Monthly","PATH","$1,324/mo"
"Intern - Hourly","HOK","$17/hr"
"Intern - Hourly","Hyland","$15/hr"
"Intern - Hourly","Initiative","$12/hr"
"Intern - Hourly","VML","$11/hr"
"Intern - Hourly","Myers and Stauffer","$23/hr"
"Intern - Hourly","MRM//McCann","$15/hr"
"Intern - Hourly","Technicolor","$19/hr"
"Intern - Hourly","DriveTime Automotive Group","$15/hr"
"Intern - Hourly","Spectrum Health","$15/hr"
"Intern - Hourly","Juniper Networks","$30/hr"
"Intern - Hourly","Transamerica","$16/hr"
"Intern - Hourly","American Express","$12/hr"
"Intern - Hourly","AAMC","$15/hr"
"Intern - Hourly","Princeton University","$15/hr"
"Intern - Hourly","Sony","$19/hr"
"Intern - Hourly","Partners HealthCare","$20/hr"
"Intern - Hourly","AmWINS Group","$14/hr"
"Intern - Hourly","Sunoco","$25/hr"
"Intern - Hourly","SunGard","$16/hr"
"Intern - Hourly","RaceTrac","$17/hr"
"Intern - Hourly","iCrossing","$17/hr"
"Intern - Hourly","FDIC","$20/hr"
"Intern - Hourly","Lexmark International","$20/hr"
"Intern - Hourly","Commonwealth of Massachusetts","$16/hr"
"Intern - Monthly","Linear Technology","$5,429/mo"
"Intern - Hourly","US Navy","$16/hr"
"Intern","IBM","$60,814/yr"
"Intern - Hourly","EOG","$38/hr"
"Intern - Hourly","Marc Jacobs","$12/hr"
"Intern - Hourly","MillerCoors","$20/hr"
"Intern - Hourly","Caesars Entertainment","$11/hr"
"Intern - Hourly","Hamilton Sundstrand","$23/hr"
"Intern - Hourly","K2M","$15/hr"
"Intern - Hourly","Research Foundation of CUNY","$14/hr"
"Intern - Hourly","Best Buy","$13/hr"
"Intern - Hourly","Acxiom","$14/hr"
"Intern - Hourly","Dassault Systemes","$28/hr"
"Intern - Hourly","IDOT","$18/hr"
"Intern - Hourly","Affinity Solutions","$11/hr"
"Intern - Hourly","Pacific Sunwear","$11/hr"
"Intern - Hourly","Egon Zehnder","$17/hr"
"Intern - Hourly","Mayo Clinic","$15/hr"
"Intern - Hourly","Grey Group","$11/hr"
"Intern - Hourly","Syracuse University","$13/hr"
"Intern - Hourly","Computer Aid","$11/hr"
"Intern - Hourly","Altera","$37/hr"
"Intern - Hourly","Guy Carpenter","$21/hr"
"Intern - Hourly","Lawrence Berkeley Lab","$16/hr"
"Intern - Hourly","Spectrum","$19/hr"
"Intern - Monthly","Oak Ridge National Laboratory","$2,221/mo"
"Intern - Hourly","ITW","$18/hr"
"Intern - Hourly","Owens Corning","$24/hr"
"Intern - Hourly","CGI","$19/hr"
"Intern - Hourly","Genscape","$19/hr"
"Intern - Hourly","Florida Power & Light","$20/hr"
"Intern - Hourly","Integer Group","$11/hr"
"Intern - Hourly","Northwell Health","$17/hr"
"Intern - Hourly","AmeriHealth Caritas","$20/hr"
"Intern - Hourly","Prologis","$22/hr"
"Intern - Hourly","Hitachi Data Systems","$22/hr"
"Intern - Hourly","Princess Cruise Lines","$19/hr"
"Intern - Hourly","MGM Resorts International","$12/hr"
"Intern - Hourly","Showtime Networks","$11/hr"
"Intern - Hourly","Weyerhaeuser","$22/hr"
"Intern - Hourly","Ercot","$27/hr"
"Intern - Hourly","adidas","$17/hr"
"Intern - Hourly","The Cincinnati Insurance Company","$14/hr"
"Intern - Hourly","Keurig Green Mountain","$20/hr"
"Intern - Hourly","Axalta","$21/hr"
"Intern - Monthly","Capital One","$5,492/mo"
"Intern - Hourly","Paradigm Talent","$11/hr"
"Intern - Hourly","Colliers International","$13/hr"
"Intern - Hourly","WeWork","$16/hr"
"Intern - Hourly","STV","$18/hr"
"Intern - Hourly","SunEdison","$22/hr"
"Intern - Hourly","WW","$14/hr"
"Intern - Hourly","Janssen Research & Development","$23/hr"
"Intern - Hourly","Colorado State University","$14/hr"
"Intern - Hourly","Luxottica","$15/hr"
"Intern - Hourly","Leo Burnett","$16/hr"
"Intern - Hourly","Anadarko Petroleum","$26/hr"
"Intern - Monthly","Rocky Mountain Institute","$2,139/mo"
"Intern - Monthly","Formlabs","$3,438/mo"
"Intern - Hourly","Terracon","$13/hr"
"Intern - Hourly","Targeted Victory","$11/hr"
"Intern - Hourly","UL","$15/hr"
"Intern - Hourly","NRDC","$16/hr"
"Intern - Hourly","Hussmann","$16/hr"
"Intern","VHB","$35,612/yr"
"Intern - Hourly","Erie Insurance Group","$16/hr"
"Intern - Hourly","Meredith Corporation","$11/hr"
"Intern - Hourly","Navigators","$17/hr"
"Intern - Hourly","Zeno Group","$13/hr"
"Intern - Hourly","Timken","$20/hr"
"Intern - Hourly","IPG Mediabrands","$12/hr"
"Intern - Hourly","Manheim","$19/hr"
"Intern - Hourly","AllianceBernstein","$26/hr"
"Intern - Hourly","Lifetime Brands","$13/hr"
"Intern - Hourly","Refinery29","$10/hr"
"Intern - Hourly","JLG Industries","$17/hr"
"Intern - Hourly","Compass Lexecon","$25/hr"
"Intern - Hourly","Kühne + Nagel","$16/hr"
"Intern - Hourly","Mercedes-Benz Research & Development North America","$32/hr"
"Intern - Hourly","Panasonic Automotive","$20/hr"
"Intern - Hourly","Schreiber Foods","$16/hr"
"Intern - Hourly","Websense","$22/hr"
"Intern - Hourly","Pioneer Natural Resources","$34/hr"
"Intern - Hourly","University of Illinois at Urbana-Champaign","$16/hr"
"Intern - Hourly","Forsythe Technology","$16/hr"
"Intern - Monthly","NASA Glenn Research Center","$2,710/mo"
"Intern - Hourly","Electronic Arts","$37/hr"
"Intern - Hourly","CNH Industrial","$21/hr"
"Intern - Hourly","Pall","$14/hr"
"Intern - Hourly","NumeriX","$20/hr"
"Intern - Hourly","H&R Block","$16/hr"
"Intern - Hourly","Ceres","$13/hr"
"Intern - Hourly","PPL","$22/hr"
"Intern - Hourly","Excellus BlueCross BlueShield","$13/hr"
"Intern - Hourly","Ansell","$26/hr"
"Intern - Hourly","Penguin Random House","$11/hr"
"Intern - Hourly","Cantor Fitzgerald","$16/hr"
"Intern - Hourly","CUNA Mutual","$19/hr"
"Intern - Hourly","HRL Laboratories","$26/hr"
"Intern","Microsoft","$41,893/yr"
"Intern - Hourly","Kendra Scott","$10/hr"
"Intern - Hourly","Anheuser-Busch InBev","$21/hr"
"Intern - Hourly","AgFirst","$14/hr"
"Intern - Hourly","Nolan Transportation Group","$12/hr"
"Intern - Hourly","Cray","$29/hr"
"Intern - Hourly","Mount Sinai Health System","$16/hr"
"Intern - Hourly","Big Lots","$17/hr"
"Intern - Hourly","Chicago","$11/hr"
"Intern - Monthly","Major League Soccer","$1,299/mo"
"Intern - Hourly","Kohn Pedersen Fox","$18/hr"
"Intern - Hourly","Belcan","$16/hr"
"Intern - Hourly","Orbital ATK","$22/hr"
"Intern - Hourly","Abbott","$21/hr"
"Intern","MBP","$25,243/yr"
"Intern - Hourly","Marvell Semiconductor","$27/hr"
"Intern - Hourly","Franklin Templeton Investments","$18/hr"
"Intern - Hourly","Owens-Illinois","$18/hr"
"Intern - Hourly","Cengage","$13/hr"
"Intern - Hourly","Saks Fifth Avenue","$11/hr"
"Intern - Hourly","Sprinklr","$16/hr"
"Intern - Hourly","C&A Industries","$14/hr"
"Intern - Hourly","CapitalSource","$17/hr"
"Intern - Hourly","The NPD Group","$16/hr"
"Intern - Hourly","Orange County Transportation Authority","$14/hr"
"Intern - Hourly","Equinix","$21/hr"
"Intern - Hourly","Trane","$18/hr"
"Intern - Monthly","KPMG","$4,542/mo"
"Intern - Hourly","Riot Games","$27/hr"
"Intern - Hourly","RubinBrown","$23/hr"
"Intern - Hourly","Scholastic","$13/hr"
"Intern - Hourly","Intuitive Surgical","$33/hr"
"Intern - Hourly","George P. Johnson","$15/hr"
"Intern - Hourly","LRW","$11/hr"
"Intern - Hourly","Kantar Consulting","$16/hr"
"Intern - Hourly","Ihda","$18/hr"
"Intern - Hourly","Los Angeles Metro","$14/hr"
"Intern - Hourly","Lennox","$20/hr"
"Intern","Sinclair Broadcast Group","$34,074/yr"
"Intern - Hourly","Synchronoss","$14/hr"
"Intern - Hourly","SiriusXM","$12/hr"
"Intern - Hourly","NRG Energy","$20/hr"
"Intern - Hourly","Allen & Gerritsen","$11/hr"
"Intern - Hourly","City of Atlanta","$16/hr"
"Intern - Hourly","Russell Reynolds","$19/hr"
"Intern - Hourly","Commonwealth Financial Network","$13/hr"
"Intern - Monthly","Wells Fargo","$1,974/mo"
"Intern - Hourly","Citrix","$21/hr"
"Intern","Campus Crusade for Christ","$18,498/yr"
"Intern - Hourly","University of California Berkeley","$15/hr"
"Intern - Hourly","Waldorf Astoria","$11/hr"
"Intern - Hourly","Ware Malcomb","$14/hr"
"Intern - Hourly","Bosch Rexroth","$17/hr"
"Intern - Hourly","American Museum of Natural History","$11/hr"
"Intern - Hourly","Veritas","$35/hr"
"Intern - Hourly","World Wildlife Fund","$21/hr"
"Intern - Hourly","Make-A-Wish Foundation","$11/hr"
"Intern - Hourly","Dexcom","$20/hr"
"Intern","EY","$58,651/yr"
"Intern","Myers and Stauffer","$46,618/yr"
"Intern - Hourly","Dana-Farber Cancer Institute","$15/hr"
"Intern - Hourly","New York Power Authority","$20/hr"
"Intern - Monthly","Year Up","$853/mo"
"Intern - Hourly","CIRCOR International","$19/hr"
"Intern - Hourly","ShopperTrak","$16/hr"
"Intern - Hourly","Fifth Third","$22/hr"
"Intern - Hourly","The Beck Group","$18/hr"
"Intern - Hourly","DDB","$11/hr"
"Intern - Hourly","Huffington Post","$11/hr"
"Intern - Hourly","Aruba Networks","$34/hr"
"Intern - Hourly","Quinn PR","$12/hr"
"Intern - Hourly","Daktronics","$13/hr"
"Intern - Hourly","Parametric Portfolio Associates","$18/hr"
"Intern - Hourly","NORC at the University of Chicago","$20/hr"
"Intern - Hourly","Domino's","$15/hr"
"Intern - Hourly","American Family Insurance","$18/hr"
"Intern - Hourly","NXP Semiconductors","$30/hr"
"Intern","ExxonMobil","$87,830/yr"
"Intern - Hourly","Peppercomm","$13/hr"
"Intern - Hourly","Expedia Group","$28/hr"
"Intern - Hourly","Federal Reserve Bank of Kansas City","$17/hr"
"Intern - Hourly","EQT Corporation","$30/hr"
"Intern - Hourly","Mary Kay","$20/hr"
"Intern - Hourly","UC Davis","$12/hr"
"Intern - Hourly","BMW","$16/hr"
"Intern - Monthly","Campus Crusade for Christ","$1,658/mo"
"Intern - Monthly","Kraft Heinz Company","$4,354/mo"
"Intern","Ally Financial","$45,029/yr"
"Intern - Hourly","Chemonics International","$16/hr"
"Intern - Hourly","Sony Electronics","$30/hr"
"Intern - Hourly","Wyndham Destinations","$17/hr"
"Intern - Hourly","Northwestern Medicine","$14/hr"
"Intern - Hourly","tarte","$13/hr"
"Intern - Hourly","Consigli Construction","$18/hr"
"Intern - Hourly","Nalco Water","$20/hr"
"Intern - Hourly","AutoZone","$15/hr"
"Intern - Monthly","Social Impact","$1,076/mo"
"Intern - Hourly","State of Ohio","$15/hr"
"Intern - Hourly","Cboe Global Markets","$17/hr"
"Intern - Hourly","United States Steel","$19/hr"
"Intern - Hourly","The Jones Group","$11/hr"
"Intern - Hourly","Mack Trucks","$19/hr"
"Intern - Hourly","CB&I","$16/hr"
"Intern - Hourly","Logitech","$26/hr"
"Intern - Hourly","Powell Tate","$12/hr"
"Intern - Hourly","Chicago Metropolitan Agency for Planning","$16/hr"
"Intern - Hourly","Otter Products","$15/hr"
"Intern - Hourly","GE Power","$24/hr"
"Intern - Hourly","University of Washington","$16/hr"
"Intern - Hourly","Blue Cross Blue Shield of Minnesota","$19/hr"
"Intern - Hourly","ServiceNow","$31/hr"
"Intern - Hourly","Novo Nordisk","$16/hr"
"Intern - Hourly","ABM Industries","$19/hr"
"Intern - Hourly","Industrial and Commercial Bank of China","$9/hr"
"Intern - Hourly","VEREIT","$18/hr"
"Intern - Hourly","VOX Global","$11/hr"
"Intern - Hourly","Sutherlandgold","$16/hr"
"Intern - Hourly","Iron Mountain Inc","$21/hr"
"Intern - Monthly","DoSomething.org","$1,277/mo"
"Intern - Hourly","PFM","$17/hr"
"Intern - Hourly","Macquarie Group","$24/hr"
"Intern - Hourly","MaxPoint","$14/hr"
"Intern - Hourly","Calamos Investments","$16/hr"
"Intern - Hourly","Marrone Bio Innovations","$12/hr"
"Intern - Hourly","Global Strategy Group","$13/hr"
"Intern - Hourly","Federal Reserve Bank of Philadelphia","$16/hr"
"Intern - Hourly","Palo Alto Networks","$43/hr"
"Intern - Hourly","Rite Aid","$16/hr"
"Intern - Hourly","Rodale","$9/hr"
"Intern - Hourly","Pandora Media, LLC","$26/hr"
"Intern - Hourly","Henkel","$20/hr"
"Intern - Hourly","1st Source","$10/hr"
"Intern - Hourly","Burlington Stores","$15/hr"
"Intern - Hourly","Subaru of America","$17/hr"
"Intern - Hourly","Pentair","$22/hr"
"Intern - Hourly","Xilinx","$22/hr"
"Intern - Hourly","S&C Electric","$22/hr"
"Intern - Hourly","Vox Media","$11/hr"
"Intern - Hourly","Change Healthcare","$19/hr"
"Intern - Hourly","Cassidy Turley","$13/hr"
"Intern - Monthly","RetailMeNot","$5,393/mo"
"Intern - Hourly","ComEd","$20/hr"
"Intern - Hourly","Synacor","$11/hr"
"Intern - Hourly","King County","$18/hr"
"Intern - Hourly","Honda R & D Americas","$20/hr"
"Intern - Hourly","Weidner Apartment Homes","$13/hr"
"Intern - Monthly","OTIS","$3,302/mo"
"Intern","PepsiCo","$57,519/yr"
"Intern - Hourly","Barclays","$20/hr"
"Intern - Hourly","MWWPR","$11/hr"
"Intern - Hourly","Alliant Techsystems","$22/hr"
"Intern - Hourly","American Axle & Manufacturing","$19/hr"
"Intern - Hourly","IREX (International Research & Exchanges Board)","$13/hr"
"Intern - Hourly","Dow AgroSciences","$28/hr"
"Intern - Hourly","Planned Parenthood","$13/hr"
"Intern - Hourly","Bank of Hawaii","$13/hr"
"Intern - Monthly","Yahoo","$7,904/mo"
"Intern - Hourly","National Geographic","$13/hr"
"Intern - Hourly","Mettler-Toledo","$15/hr"
"Intern - Hourly","Office of the Comptroller of the Currency","$14/hr"
"Intern - Hourly","Cvent","$11/hr"
"Intern - Hourly","Texas A&M University","$11/hr"
"Intern - Hourly","Zions Bancorporation","$22/hr"
"Intern - Hourly","Visiting Nurse Service of New York","$16/hr"
"Intern - Hourly","Brocade","$28/hr"
"Intern - Hourly","McLagan","$19/hr"
"Intern - Hourly","Fisher-Price","$19/hr"
"Intern - Hourly","Sallie Mae","$20/hr"
"Intern","DLA Piper","$31,255/yr"
"Intern - Monthly","Leo Burnett","$2,385/mo"
"Intern - Monthly","3M","$5,246/mo"
"Intern - Hourly","DeVries Global","$13/hr"
"Intern - Hourly","EchoStar","$22/hr"
"Intern - Hourly","Robert Half","$20/hr"
"Intern - Hourly","CLS Strategies","$11/hr"
"Intern - Hourly","PUMA","$13/hr"
"Intern - Hourly","Fremont Bank","$16/hr"
"Intern - Hourly","The Field Museum","$13/hr"
"Intern - Hourly","Enterprise Holdings","$13/hr"
"Intern - Hourly","USLI","$17/hr"
"Intern - Hourly","National Park Service","$16/hr"
"Intern - Hourly","Arizona Department of Transportation","$15/hr"
"Intern - Hourly","BMO Harris Bank","$20/hr"
"Intern - Hourly","Anthropologie","$13/hr"
"Intern - Hourly","Novatek","$16/hr"
"Intern - Hourly","College Board","$20/hr"
"Intern - Hourly","Teneo","$18/hr"
"Intern - Monthly","Mountbatten Program","$1,100/mo"
"Intern - Hourly","Federal Reserve Bank of Minneapolis","$19/hr"
"Intern - Hourly","KRC Research","$14/hr"
"Intern - Hourly","American Bureau of Shipping (ABS)","$26/hr"
"Intern - Hourly","BNP Paribas","$32/hr"
"Intern - Hourly","Counterpart International","$11/hr"
"Intern - Hourly","Foot Locker","$15/hr"
"Intern - Hourly","JBS USA Holdings, Inc.","$19/hr"
"Intern - Hourly","Central Hudson Gas and Electric","$20/hr"
"Intern - Hourly","Airlines Reporting Corporation","$17/hr"
"Intern - Hourly","Blue 449","$13/hr"
"Intern - Hourly","thyssenkrupp","$18/hr"
"Intern - Hourly","Marathon Oil","$24/hr"
"Intern - Hourly","maslansky + partners","$9/hr"
"Intern - Hourly","Cessna","$18/hr"
"Intern - Hourly","Tiffany & Co.","$20/hr"
"Intern - Hourly","SANDAG","$15/hr"
"Intern - Hourly","Onshape","$21/hr"
"Intern - Hourly","Bedrock","$16/hr"
"Intern - Hourly","Janssen","$26/hr"
"Intern - Hourly","Museum of Science","$10/hr"
"Intern - Hourly","Progressive Insurance","$19/hr"
"Intern - Hourly","R&R Partners","$11/hr"
"Intern - Hourly","Carrot Creative","$11/hr"
"Intern - Hourly","HNI","$18/hr"
"Intern - Hourly","Nestlé","$21/hr"
"Intern - Hourly","Rio Tinto","$24/hr"
"Intern - Hourly","The Scripps Research Institute","$12/hr"
"Intern - Hourly","Loyola University Chicago","$11/hr"
"Intern - Hourly","Electrolux","$18/hr"
"Intern - Hourly","American Heart Association","$16/hr"
"Intern - Hourly","Energy BBDO","$12/hr"
"Intern - Hourly","Oxford University Press","$9/hr"
"Intern - Hourly","Stanford University","$17/hr"
"Intern - Hourly","Tyco","$22/hr"
"Intern - Hourly","The Children's Place","$16/hr"
"Intern - Hourly","Maidenform","$14/hr"
"Intern - Hourly","LPK","$16/hr"
"Intern","Eli Lilly and Company","$52,716/yr"
"Intern - Hourly","McGraw-Hill","$14/hr"
"Intern - Hourly","Spanx","$16/hr"
"Intern - Hourly","Taylor Global","$11/hr"
"Intern - Hourly","Square 1 Bank","$12/hr"
"Intern - Hourly","Laidlaw & Company","$11/hr"
"Intern - Hourly","U.S. News & World Report","$14/hr"
"Intern - Hourly","PCORI","$21/hr"
"Intern - Hourly","New America","$15/hr"
"Intern - Hourly","Dot Foods","$13/hr"
"Intern - Hourly","Regions Financial","$18/hr"
"Intern - Monthly","Arista Networks","$5,871/mo"
"Intern - Hourly","Tradeweb","$23/hr"
"Intern - Hourly","Guidepoint","$13/hr"
"Intern - Hourly","American Action Forum","$11/hr"
"Intern - Hourly","American Greetings","$16/hr"
"Intern - Hourly","Sephora","$18/hr"
"Intern - Hourly","Collette","$13/hr"
"Intern - Hourly","SLAC National Accelerator Laboratory","$18/hr"
"Intern - Hourly","St. Jude Children's Research Hospital","$11/hr"
"Intern - Hourly","Janssen Biotech","$25/hr"
"Intern - Hourly","Wintrust Financial","$15/hr"
"Intern - Hourly","Zoetis","$17/hr"
"Intern - Hourly","MSCI","$16/hr"
"Intern - Hourly","People's United Bank","$15/hr"
"Intern - Hourly","Harrison & Shriftman","$9/hr"
"Intern - Hourly","C-K","$11/hr"
"Intern - Hourly","ONE Campaign","$12/hr"
"Intern - Hourly","Cheniere Energy","$28/hr"
"Intern - Hourly","Indiana University","$12/hr"
"Intern - Hourly","Cubic","$18/hr"
"Intern - Hourly","Publicis","$13/hr"
"Intern - Hourly","Amerigroup","$16/hr"
"Intern - Hourly","The Glover Park Group","$11/hr"
"Intern - Hourly","Landor","$14/hr"
"Intern - Hourly","PAN Communications","$15/hr"
"Intern - Hourly","CONSOL Energy","$24/hr"
"Intern - Hourly","Barton Malow","$19/hr"
"Intern - Hourly","L.L. Bean","$17/hr"
"Intern - Hourly","Wolters Kluwer","$13/hr"
"Intern - Hourly","FMC Technologies","$21/hr"
"Intern - Hourly","Nortek","$19/hr"
"Intern - Hourly","Spirit AeroSystems","$21/hr"
"Intern - Hourly","Q2 Software","$16/hr"
"Intern - Hourly","Citizens Bank","$19/hr"
"Intern - Hourly","Hennion and Walsh","$11/hr"
"Intern - Hourly","Penske Automotive Group","$13/hr"
"Intern - Hourly","NiSource","$19/hr"
"Intern - Hourly","West Pharmaceutical Services","$21/hr"
"Intern - Monthly","BNSF Railway","$4,114/mo"
"Intern - Hourly","MB Financial","$12/hr"
"Intern - Hourly","Aeris Communications","$13/hr"
"Intern - Hourly","Groupon","$14/hr"
"Intern - Hourly","IEEE","$17/hr"
"Intern - Hourly","Fahlgren Mortine","$13/hr"
"Intern - Hourly","Vera Bradley","$15/hr"
"Intern - Hourly","Vrbo","$26/hr"
"Intern - Hourly","Ogilvy Health","$13/hr"
"Intern - Hourly","Party City","$12/hr"
"Intern - Hourly","Kohler","$22/hr"
"Intern","MetLife","$45,119/yr"
"Intern - Hourly","CALVIN KLEIN","$12/hr"
"Intern - Hourly","Shell","$22/hr"
"Intern - Monthly","Smithsonian","$1,959/mo"
"Intern - Hourly","Athene","$16/hr"
"Intern - Hourly","Westar Energy","$20/hr"
"Intern - Monthly","Delta Air Lines","$2,801/mo"
"Intern - Hourly","EMD Millipore","$20/hr"
"Intern - Hourly","U-Haul","$16/hr"
"Intern - Hourly","Social Solutions","$12/hr"
"Intern - Hourly","Cherry Bekaert","$26/hr"
"Intern - Hourly","Stifel Financial","$13/hr"
"Intern - Hourly","NSTAR","$23/hr"
"Intern - Hourly","Newmark Knight Frank","$10/hr"
"Intern - Hourly","WJE Architects & Engineers","$22/hr"
"Intern - Monthly","Visa Inc.","$6,943/mo"
"Intern - Hourly","Chick-fil-A","$18/hr"
"Intern - Hourly","The PrivateBank","$14/hr"
"Intern","National Security Agency","$44,544/yr"
"Intern - Hourly","United Talent","$12/hr"
"Intern - Hourly","Hershey Entertainment & Resorts","$11/hr"
"Intern - Hourly","Wolf Robotics","$12/hr"
"Intern - Hourly","PHD Worldwide","$15/hr"
"Intern - Monthly","UBS","$3,410/mo"
"Intern - Hourly","Blue Chip Marketing Worldwide","$13/hr"
"Intern - Hourly","El Paso","$22/hr"
"Intern - Hourly","Barbarian","$11/hr"
"Intern - Monthly","Cargill","$3,595/mo"
"Intern - Monthly","Argus Information & Advisory Services","$4,539/mo"
"Intern - Hourly","HGA Architects & Engineers","$20/hr"
"Intern - Hourly","WellPoint","$21/hr"
"Intern - Hourly","Black Knight","$17/hr"
"Intern - Hourly","The Rachael Ray Show","$11/hr"
"Intern - Hourly","James G. Davis Construction","$18/hr"
"Intern - Hourly","Coleman Research","$15/hr"
"Intern - Hourly","SPAWAR","$18/hr"
"Intern - Hourly","frog design","$23/hr"
"Intern - Hourly","CARFAX","$19/hr"
"Intern - Hourly","HL GROUP PARTNERS","$9/hr"
"Intern - Monthly","ZS Associates","$4,998/mo"
"Intern - Hourly","Silicon Labs","$31/hr"
"Intern - Monthly","Walt Disney Company","$1,425/mo"
"Intern - Hourly","SIFMA","$16/hr"
"Intern - Hourly","Fortress Investment Group","$22/hr"
"Intern - Hourly","Glenmede","$18/hr"
"Intern - Monthly","Tenaris","$4,214/mo"
"Intern - Hourly","Flowserve","$21/hr"
"Intern - Hourly","Century 21 Stores","$11/hr"
"Intern - Hourly","Steven Madden","$11/hr"
"Intern - Monthly","Corning","$3,692/mo"
"Intern - Hourly","rue21","$13/hr"
"Intern - Hourly","Perficient","$20/hr"
"Intern - Hourly","Camden Property Trust","$13/hr"
"Intern - Hourly","Rogers Corporation","$22/hr"
"Intern - Hourly","Techtronic Industries North America","$15/hr"
"Intern - Hourly","Avis Budget Group","$19/hr"
"Intern - Hourly","Vanderbilt University","$15/hr"
"Intern - Hourly","NASA Marshall Space Flight Center","$16/hr"
"Intern - Hourly","Danone North America","$22/hr"
"Intern - Hourly","Antea Group","$18/hr"
"Intern - Monthly","FCB Global","$2,449/mo"
"Intern - Hourly","C Space","$15/hr"
"Intern - Hourly","Marriott Vacations Worldwide","$12/hr"
"Intern - Hourly","Northwestern University","$15/hr"
"Intern - Hourly","Business Education Compact","$14/hr"
"Intern - Hourly","Assurant","$16/hr"
"Intern - Hourly","LifeCell","$17/hr"
"Intern - Hourly","TIC - The Industrial Company","$19/hr"
"Intern - Hourly","Swagelok","$18/hr"
"Intern - Hourly","DvF","$10/hr"
"Intern - Hourly","Moore Capital Management","$23/hr"
"Intern - Hourly","Printpack","$17/hr"
"Intern - Hourly","Microsemi","$26/hr"
"Intern - Hourly","BGE","$21/hr"
"Intern - Hourly","APA","$16/hr"
"Intern - Hourly","Metropolitan Washington Airports Authority","$13/hr"
"Intern - Hourly","Kerry","$16/hr"
"Intern - Hourly","LifeNet Health","$16/hr"
"Intern - Hourly","TC Energy","$29/hr"
"Intern - Hourly","Gap","$21/hr"
"Intern - Hourly","Charles River Development","$29/hr"
"Intern","Environmental Protection Agency","$54,526/yr"
"Intern - Hourly","SRS Distribution","$18/hr"
"Intern - Hourly","UMB Financial Corporation","$16/hr"
"Intern - Hourly","Belden","$19/hr"
"Intern - Hourly","SRA International","$21/hr"
"Intern - Hourly","Robert A.M. Stern Architects","$20/hr"
"Intern - Hourly","Advisory Board","$13/hr"
"Intern - Hourly","Pinnacle Foods","$16/hr"
"Intern - Hourly","Albemarle","$26/hr"
"Intern - Hourly","USTA","$13/hr"
"Intern - Hourly","The Toro Company","$20/hr"
"Intern - Hourly","Novelis","$17/hr"
"Intern - Hourly","Epsilon","$18/hr"
"Intern - Hourly","Uber","$40/hr"
"Intern - Hourly","Bainbridge","$14/hr"
"Intern - Hourly","Loews Corporation","$21/hr"
"Intern - Hourly","MongoDB","$40/hr"
"Intern - Hourly","WSFS Financial","$11/hr"
"Intern - Hourly","Valeo","$18/hr"
"Intern - Hourly","Institute for Defense Analyses","$24/hr"
"Intern - Hourly","Philadelphia Housing Authority","$13/hr"
"Intern - Hourly","H.B. Fuller","$19/hr"
"Intern - Hourly","Swinerton Builders","$22/hr"
"Intern - Hourly","Kittelson & Associates","$21/hr"
"Intern - Hourly","AccuWeather","$12/hr"
"Intern - Hourly","City of San Diego, CA","$14/hr"
"Intern - Hourly","W2O Group","$13/hr"
"Intern - Hourly","Chico's FAS","$16/hr"
"Intern - Hourly","Spectrum Brands","$14/hr"
"Intern","Tyson Foods","$35,189/yr"
"Intern - Monthly","NASA Langley Research Center","$2,972/mo"
"Intern - Hourly","StepStone Group","$19/hr"
"Intern - Hourly","Rehrig Pacific","$15/hr"
"Intern - Hourly","Blue Cross and Blue Shield Association","$23/hr"
"Intern - Hourly","Sotheby's","$12/hr"
"Intern - Hourly","Precision Castparts","$20/hr"
"Intern - Hourly","Wakefern Food","$14/hr"
"Intern - Hourly","NISA Investment Advisors","$21/hr"
"Intern - Hourly","Capital Group","$25/hr"
"Intern - Hourly","Arizona State University","$16/hr"
"Intern - Monthly","National Institute of Standards and Technology","$2,235/mo"
"Intern - Hourly","Arcadis","$17/hr"
"Intern - Hourly","Whole Foods Market","$16/hr"
"Intern - Hourly","Carat","$13/hr"
"Intern - Hourly","Sterne Kessler Goldstein and Fox PLLC","$13/hr"
"Intern - Hourly","Menards","$14/hr"
"Intern - Hourly","Hitachi","$23/hr"
"Intern - Hourly","Choice Hotels","$16/hr"
"Intern - Hourly","MedPro Group","$14/hr"
"Intern - Hourly","Firmenich","$14/hr"
"Intern - Monthly","Deutsche Bank","$5,114/mo"
"Intern - Hourly","New York ISO","$19/hr"
"Intern - Hourly","Iris","$12/hr"
"Intern - Hourly","Braun Intertec","$17/hr"
"Intern - Hourly","PPG","$25/hr"
"Intern - Hourly","Neudesic","$15/hr"
"Intern - Hourly","Finn Partners","$9/hr"
"Intern - Hourly","Amerant Bank","$16/hr"
"Intern - Hourly","Georgia Tech Research Institute","$19/hr"
"Intern - Monthly","Estée Lauder Companies","$1,910/mo"
"Intern - Hourly","Worthington Industries","$15/hr"
"Intern - Hourly","ING Direct","$16/hr"
"Intern - Hourly","BlueCross BlueShield of Tennessee","$16/hr"
"Intern - Hourly","UOP","$23/hr"
"Intern - Hourly","International Paper","$24/hr"
"Intern - Hourly","Lane Construction","$18/hr"
"Intern - Hourly","Sanford Health","$10/hr"
"Intern","STV","$38,882/yr"
"Intern - Hourly","FOX News","$10/hr"
"Intern - Hourly","SS&C","$13/hr"
"Intern - Hourly","OCC","$16/hr"
"Intern - Hourly","SmithGroup","$17/hr"
"Intern - Hourly","Driscoll’s","$17/hr"
"Intern - Hourly","Capgemini","$16/hr"
"Intern - Hourly","Holmes Murphy","$13/hr"
"Intern - Hourly","AAUW","$10/hr"
"Intern - Hourly","84.51°","$21/hr"
"Intern - Hourly","Capital One","$22/hr"
"Intern - Hourly","Berry Global","$16/hr"
"Intern - Monthly","Hewlett-Packard","$7,383/mo"
"Intern","Northwestern Mutual","$24,247/yr"
"Intern - Hourly","Emory Healthcare","$16/hr"
"Intern - Hourly","Workday","$32/hr"
"Intern - Hourly","Novavax","$17/hr"
"Intern - Hourly","Virtela Technology Services","$16/hr"
"Intern - Hourly","Infinite Energy","$14/hr"
"Intern - Hourly","RSA Security","$19/hr"
"Intern - Hourly","Seventh Generation","$19/hr"
"Intern - Hourly","The Hatch Agency","$17/hr"
"Intern - Hourly","Chamberlain Group","$26/hr"
"Intern - Hourly","Wachovia","$16/hr"
"Intern - Hourly","Govig & Associates","$11/hr"
"Intern - Hourly","Columbia Sportswear","$14/hr"
"Intern - Hourly","Autoliv","$18/hr"
"Intern - Hourly","Novartis V&D","$27/hr"
"Intern - Hourly","Planet","$33/hr"
"Intern - Monthly","U.S. Food and Drug Administration","$1,831/mo"
"Intern - Hourly","Thornton Tomasetti","$19/hr"
"Intern - Hourly","DLA Piper","$16/hr"
"Intern - Hourly","Kinder Morgan","$27/hr"
"Intern - Hourly","CDK Global","$22/hr"
"Intern - Monthly","Oliver Wyman","$5,509/mo"
"Intern - Hourly","Haymarket Media Group","$13/hr"
"Intern - Hourly","Wilson Sporting Goods","$16/hr"
"Intern - Hourly","ChemRisk","$22/hr"
"Intern - Hourly","CareerBuilder","$19/hr"
"Intern","US Department of Homeland Security","$33,863/yr"
"Intern - Hourly","Roush Industries","$17/hr"
"Intern - Hourly","Goodby, Silverstein & Partners","$17/hr"
"Intern - Monthly","UPS","$3,396/mo"
"Intern - Hourly","Nutanix","$26/hr"
"Intern - Hourly","Bank of China","$12/hr"
"Intern - Hourly","Aéropostale","$15/hr"
"Intern - Hourly","AXA Equitable","$21/hr"
"Intern - Hourly","Cartoon Network","$9/hr"
"Intern - Hourly","Moog","$21/hr"
"Intern - Monthly","Charles Koch Institute and Charles Koch Foundation","$1,765/mo"
"Intern - Hourly","Consumer Reports","$17/hr"
"Intern - Hourly","Barneys","$11/hr"
"Intern - Hourly","BP","$21/hr"
"Intern - Hourly","Framestore","$17/hr"
"Intern - Hourly","Celanese","$20/hr"
"Intern - Hourly","Georgetown University","$16/hr"
"Intern - Hourly","DSM","$17/hr"
"Intern","Amazon","$66,144/yr"
"Intern - Hourly","Billboard","$11/hr"
"Intern - Hourly","U.S. Food and Drug Administration","$16/hr"
"Intern - Hourly","Comedy Central","$11/hr"
"Intern - Hourly","Avanade","$19/hr"
"Intern - Hourly","Teradyne","$27/hr"
"Intern - Hourly","Sodexo USA","$13/hr"
"Intern - Hourly","American Savings Bank","$11/hr"
"Intern - Hourly","Reinsurance Group of America","$20/hr"
"Intern - Hourly","Mizuho Financial Group","$17/hr"
"Intern - Hourly","CARE (USA)","$13/hr"
"Intern - Hourly","Golden 1 Credit Union","$15/hr"
"Intern - Hourly","J. T. Vaughn Construction Company","$16/hr"
"Intern - Hourly","OCLC","$17/hr"
"Intern - Hourly","Solvay","$19/hr"
"Intern - Monthly","Hamilton Sundstrand","$5,100/mo"
"Intern - Hourly","Software Engineering Institute","$27/hr"
"Intern - Hourly","Graphic Packaging International","$22/hr"
"Intern - Hourly","Crane Aerospace & Electronics","$21/hr"
"Intern - Hourly","Goodwill","$11/hr"
"Intern - Hourly","Brighton House Associates","$13/hr"
"Intern - Hourly","EP+Co.","$10/hr"
"Intern - Hourly","eMarketer","$16/hr"
"Intern - Hourly","Abbott Vascular","$21/hr"
"Intern - Hourly","Follett","$13/hr"
"Intern - Hourly","Argo Partners","$11/hr"
"Intern","Arista Networks","$69,188/yr"
"Intern - Hourly","FHLBank Atlanta","$20/hr"
"Intern - Hourly","B. Braun Medical","$16/hr"
"Intern - Hourly","American Honda Motor","$17/hr"
"Intern - Hourly","Tata Consultancy Services","$16/hr"
"Intern - Hourly","Annie's","$16/hr"
"Intern - Hourly","FHLB New York","$14/hr"
"Intern - Hourly","LF USA","$11/hr"
"Intern","Mountbatten Program","$12,945/yr"
"Intern - Hourly","Joeris General Contractors","$20/hr"
"Intern - Hourly","AKUNA CAPITAL","$33/hr"
"Intern - Hourly","Williams International","$19/hr"
"Intern - Hourly","MRY","$13/hr"
"Intern - Hourly","Manson Construction Co.","$17/hr"
"Intern - Hourly","Callaway Golf","$18/hr"
"Intern - Hourly","Alnylam","$19/hr"
"Intern - Hourly","AAR","$15/hr"
"Intern - Hourly","Sageworks","$16/hr"
"Intern - Hourly","Bazaarvoice","$17/hr"
"Intern - Hourly","Sidley Austin","$13/hr"
"Intern","Turner Construction","$36,991/yr"
"Intern - Hourly","BluestoneLogic","$21/hr"
"Intern - Monthly","Accenture","$4,250/mo"
"Intern - Hourly","Clayton Homes","$13/hr"
"Intern - Hourly","Axon","$20/hr"
"Intern - Hourly","mcgarrybowen","$11/hr"
"Intern - Monthly","GE Healthcare","$3,760/mo"
"Intern - Hourly","The HON Company","$19/hr"
"Intern - Hourly","Kindred Healthcare","$15/hr"
"Intern - Hourly","CFA Institute","$16/hr"
"Intern - Hourly","National Oceanic & Atmospheric Administration","$12/hr"
"Intern - Hourly","Meritor","$18/hr"
"Intern - Hourly","Miami Herald","$13/hr"
"Intern - Hourly","TIAA Bank","$13/hr"
"Intern - Hourly","South Carolina Attorney General's Office","$10/hr"
"Intern - Hourly","Urban Land Institute","$14/hr"
"Intern - Hourly","NFI Industries","$16/hr"
"Intern - Hourly","Lake|Flato","$14/hr"
"Intern - Hourly","Maritz","$15/hr"
"Intern - Hourly","University of Delaware","$12/hr"
"Intern - Monthly","Boeing","$4,265/mo"
"Intern - Hourly","Brookfield Properties","$17/hr"
"Intern - Hourly","SevOne","$16/hr"
"Intern - Hourly","Infor","$16/hr"
"Intern - Hourly","CLEAResult","$17/hr"
"Intern - Hourly","Cylance Inc.","$15/hr"
"Intern - Hourly","Frank, Rimerman +Co., LLP","$30/hr"
"Intern - Hourly","HarperCollins","$10/hr"
"Intern - Hourly","True Partners Consulting","$22/hr"
"Intern - Hourly","Skanska","$20/hr"
"Intern - Hourly","Dittoe Public Relations","$11/hr"
"Intern - Hourly","JR Simplot","$16/hr"
"Intern - Hourly","Tellabs","$19/hr"
"Intern - Hourly","Bethpage Federal Credit Union","$14/hr"
"Intern - Hourly","IMAX","$15/hr"
"Intern - Hourly","Naval Undersea Warfare Center","$17/hr"
"Intern - Hourly","Phoenix Contact USA","$14/hr"
"Intern - Hourly","The Reinvestment Fund","$14/hr"
"Intern - Hourly","Behr GmbH & Co.","$19/hr"
"Intern - Hourly","O'Reilly Auto Parts","$11/hr"
"Intern - Hourly","Wipfli","$21/hr"
"Intern - Monthly","DISH","$2,940/mo"
"Intern - Hourly","Center for Global Development","$14/hr"
"Intern - Hourly","Express","$15/hr"
"Intern - Hourly","County of Santa Clara","$21/hr"
"Intern - Hourly","U.S. Civilian Research","$13/hr"
"Intern - Hourly","News America Marketing","$12/hr"
"Intern - Hourly","Analytic Partners","$18/hr"
"Intern - Hourly","Tenaris","$25/hr"
"Intern - Hourly","Endeavor Real Estate Group","$8/hr"
"Intern - Hourly","DaVita","$19/hr"
"Intern - Hourly","Geometry Global","$14/hr"
"Intern - Hourly","DialogueDirect","$13/hr"
"Intern - Hourly","Provident Bank","$13/hr"
"Intern - Hourly","Swiss Re","$20/hr"
"Intern - Hourly","Boeing","$23/hr"
"Intern - Hourly","First Quality","$19/hr"
"Intern - Hourly","Apollo Education Group","$25/hr"
"Intern - Hourly","EF Education First","$16/hr"
"Intern - Hourly","New York Mets Organization","$9/hr"
"Intern - Hourly","Brookings Institution","$13/hr"
"Intern - Hourly","JDA Software","$15/hr"
"Intern - Hourly","Philips Lighting","$23/hr"
"Intern - Hourly","Ethicon Endo-Surgery","$22/hr"
"Intern - Hourly","Intralox","$19/hr"
"Intern - Hourly","Knight Capital","$17/hr"
"Intern - Hourly","Polaris","$19/hr"
"Intern - Hourly","Washington Nationals","$12/hr"
"Intern - Hourly","TRUMPF","$15/hr"
"Intern - Hourly","CoreLogic","$20/hr"
"Intern - Hourly","Rackspace","$16/hr"
"Intern - Hourly","Arnold","$13/hr"
"Intern - Hourly","Nordson","$17/hr"
"Intern - Hourly","Ipsos","$16/hr"
"Intern - Hourly","KBC","$17/hr"
"Intern - Hourly","TESSCO","$13/hr"
"Intern - Hourly","Havas Media","$13/hr"
"Intern - Hourly","Brookfield Properties’ retail group","$13/hr"
"Intern - Hourly","LyondellBasell","$22/hr"
"Intern - Hourly","New York City Housing Authority","$15/hr"
"Intern - Hourly","California Public Utilities Commission","$17/hr"
"Intern - Hourly","World Learning","$11/hr"
"Intern - Hourly","Berdon","$16/hr"
"Intern - Hourly","Stericycle","$16/hr"
"Intern - Hourly","City and County of San Francisco","$28/hr"
"Intern - Hourly","Exiger","$16/hr"
"Intern - Hourly","Pilot Flying J","$12/hr"
"Intern - Hourly","Ad Council","$11/hr"
"Intern - Hourly","Signature Estate & Investment","$12/hr"
"Intern - Hourly","Syngenta","$20/hr"
"Intern - Hourly","Louis Berger","$16/hr"
"Intern - Hourly","Informatica","$27/hr"
"Intern - Hourly","ACCO Brands","$15/hr"
"Intern - Hourly","The RMR Group","$13/hr"
"Intern - Hourly","Investors Bank","$16/hr"
"Intern - Hourly","Avalere Health","$18/hr"
"Intern - Monthly","Texas Dept of Agriculture","$1,756/mo"
"Intern - Hourly","TechSmith","$14/hr"
"Intern - Hourly","VCE","$21/hr"
"Intern - Hourly","Union Home Mortgage","$12/hr"
"Intern - Hourly","BET","$13/hr"
"Intern - Hourly","AIDS Healthcare Foundation","$11/hr"
"Intern - Hourly","Notre Dame","$9/hr"
"Intern - Hourly","International Republican Institute","$11/hr"
"Intern - Hourly","Flatiron Construction","$18/hr"
"Intern - Hourly","Children's National Hospital","$12/hr"
"Intern - Hourly","General Dynamics Land Systems","$18/hr"
"Intern - Hourly","Ascension","$16/hr"
"Intern - Monthly","Union Pacific","$3,730/mo"
"Intern - Hourly","Cerrell Associates","$13/hr"
"Intern - Hourly","Emory University","$12/hr"
"Intern","Federal Reserve Board","$46,803/yr"
"Intern - Hourly","Symetra","$20/hr"
"Intern - Hourly","Autotrader","$18/hr"
"Intern - Hourly","OMNOVA Solutions","$19/hr"
"Intern - Hourly","American Century Investments","$20/hr"
"Intern - Hourly","Fulton Financial Corporation","$14/hr"
"Intern - Hourly","Keysight Technologies","$25/hr"
"Intern - Hourly","Take-Two","$13/hr"
"Intern - Hourly","Ivie","$11/hr"
"Intern - Hourly","Autumn Communications","$12/hr"
"Intern - Hourly","ZenithOptimedia","$14/hr"
"Intern - Hourly","Consumer Financial Protection Bureau","$16/hr"
"Intern - Hourly","CenterPoint Energy","$21/hr"
"Intern - Hourly","Randstad US","$11/hr"
"Intern - Hourly","Georgia Ports Authority","$10/hr"
"Intern - Hourly","Actuant","$14/hr"
"Intern - Hourly","KWT Global","$10/hr"
"Intern - Hourly","Haworth","$16/hr"
"Intern - Hourly","Medical Mutual","$18/hr"
"Intern - Hourly","C S Bio Company","$11/hr"
"Intern - Hourly","Aegon Asset Management","$14/hr"
"Intern - Hourly","MEC","$11/hr"
"Intern - Hourly","EmblemHealth","$14/hr"
"Intern - Hourly","AppDynamics","$27/hr"
"Intern - Hourly","BioMed Realty","$18/hr"
"Intern - Hourly","Tufts University","$11/hr"
"Intern - Hourly","South Coast Air Quality Management District","$12/hr"
"Intern - Hourly","FirstEnergy","$20/hr"
"Intern - Hourly","Rambus","$40/hr"
"Intern - Hourly","Argonne National Laboratory","$13/hr"
"Intern - Hourly","Hope-Beckham","$9/hr"
"Intern - Hourly","AMCOL International","$22/hr"
"Intern - Hourly","Penguin Group","$9/hr"
"Intern - Hourly","NYC Health + Hospitals","$13/hr"
"Intern - Hourly","Ellucian","$17/hr"
"Intern - Hourly","Smiths Medical","$20/hr"
"Intern","College Works Painting","$31,334/yr"
"Intern - Hourly","TP ICAP","$16/hr"
"Intern - Hourly","Wyndham Worldwide","$16/hr"
"Intern - Hourly","Lumentum Operations","$25/hr"
"Intern - Hourly","NYC Department of Environmental Protection","$13/hr"
"Intern - Hourly","Smithsonian","$11/hr"
"Intern - Hourly","NASCAR","$9/hr"
"Intern - Hourly","Norfolk Southern","$20/hr"
"Intern - Hourly","Schneider","$18/hr"
"Intern - Hourly","Infinera","$32/hr"
"Intern - Hourly","Magellan Health","$18/hr"
"Intern - Hourly","Angelo Gordon","$16/hr"
"Intern - Hourly","Honda Aircraft Company","$19/hr"
"Intern - Hourly","Cambridge Associates, LLC","$22/hr"
"Intern - Hourly","CalPortland","$16/hr"
"Intern - Hourly","PEMCO Insurance","$16/hr"
"Intern - Hourly","Structure Tone","$17/hr"
"Intern","University of Florida","$28,770/yr"
"Intern - Hourly","Translational Genomics Research Institute (TGen)","$14/hr"
"Intern - Hourly","Sierra Nevada Corporation","$17/hr"
"Intern - Hourly","Advantage Futures","$14/hr"
"Intern - Hourly","Zoro","$23/hr"
"Intern - Hourly","Yum!","$15/hr"
"Intern - Hourly","Padilla","$14/hr"
"Intern","UTC Aerospace Systems","$51,319/yr"
"Intern - Hourly","Clark Construction Company","$20/hr"
"Intern - Hourly","Piper Jaffray","$15/hr"
"Intern - Hourly","Brooksource","$12/hr"
"Intern - Hourly","Tommy Hilfiger","$11/hr"
"Intern - Hourly","Devon Energy","$21/hr"
"Intern - Monthly","CreditSights","$3,534/mo"
"Intern - Hourly","ClearVision Optical","$11/hr"
"Intern - Hourly","Practice Fusion","$27/hr"
"Intern - Hourly","Truth Initiative","$15/hr"
"Intern - Hourly","Intelsat","$18/hr"
"Intern - Hourly","Quirky","$11/hr"
"Intern - Hourly","Nuveen","$18/hr"
"Intern - Hourly","Blue Cross and Blue Shield of Louisiana","$16/hr"
"Intern - Hourly","Ubisoft","$19/hr"
"Intern - Hourly","GE Global Research","$37/hr"
"Intern - Hourly","Masco","$18/hr"
"Intern - Hourly","Barnum Financial Group","$15/hr"
"Intern - Hourly","United Shore","$12/hr"
"Intern - Hourly","Wellmark","$15/hr"
"Intern - Hourly","Hunter Roberts Construction Group","$18/hr"
"Intern - Hourly","Alaska Airlines","$16/hr"
"Intern - Hourly","Converse","$23/hr"
"Intern - Hourly","GoDaddy","$21/hr"
"Intern - Hourly","Fidessa","$21/hr"
"Intern - Hourly","Washington Suburban Sanitary Commission","$15/hr"
